File,Hash,AltAvgLineBlank,AltAvgLineCode,AltAvgLineComment,AltCountLineBlank,AltCountLineCode,AltCountLineComment,AvgCyclomatic,AvgCyclomaticModified,AvgCyclomaticStrict,AvgEssential,AvgLine,AvgLineBlank,AvgLineCode,AvgLineComment,CountDeclClass,CountDeclFunction,CountLine,CountLineBlank,CountLineCode,CountLineCodeDecl,CountLineCodeExe,CountLineComment,CountLineInactive,CountLinePreprocessor,CountSemicolon,CountStmt,CountStmtDecl,CountStmtEmpty,CountStmtExe,MaxCyclomatic,MaxCyclomaticModified,MaxCyclomaticStrict,MaxEssential,MaxNesting,RatioCommentToCode,SumCyclomatic,SumCyclomaticModified,SumCyclomaticStrict,SumEssential,keyword_buggy
src/REPLICA/verlet_split.cpp,721b312,8.0,34.0,5.0,106.0,367.0,102.0,10.0,10.0,11.0,1.0,48.0,8.0,34.0,5.0,0.0,10.0,575.0,106.0,345.0,56.0,269.0,102.0,0.0,22.0,238.0,337.0,54.0,0.0,283.0,33.0,33.0,35.0,1.0,5.0,0.3,100.0,100.0,105.0,10.0,1.0
src/REPLICA/verlet_split.cpp,afd2f6b,8.0,34.0,5.0,106.0,367.0,102.0,10.0,10.0,11.0,1.0,48.0,8.0,34.0,5.0,0.0,10.0,575.0,106.0,345.0,56.0,269.0,102.0,0.0,22.0,238.0,337.0,54.0,0.0,283.0,33.0,33.0,35.0,1.0,5.0,0.3,100.0,100.0,105.0,10.0,0.0
src/KOKKOS/pair_lj_charmm_coul_long_kokkos.cpp,afd2f6b,4.0,26.0,1.0,86.0,393.0,55.0,4.0,4.0,5.0,1.0,31.0,4.0,26.0,1.0,0.0,13.0,534.0,86.0,362.0,113.0,237.0,55.0,1.0,30.0,241.0,289.0,86.0,0.0,203.0,10.0,10.0,11.0,1.0,2.0,0.15,52.0,52.0,61.0,13.0,1.0
src/KOKKOS/pair_lj_charmm_coul_charmm_kokkos.cpp,afd2f6b,5.0,24.0,1.0,94.0,366.0,55.0,4.0,4.0,4.0,1.0,30.0,5.0,24.0,1.0,0.0,13.0,515.0,94.0,335.0,90.0,212.0,55.0,1.0,30.0,217.0,261.0,63.0,0.0,198.0,10.0,10.0,11.0,1.0,2.0,0.16,48.0,48.0,55.0,13.0,1.0
src/KOKKOS/pair_lj_charmm_coul_charmm_implicit_kokkos.cpp,afd2f6b,5.0,24.0,1.0,94.0,364.0,55.0,4.0,4.0,4.0,1.0,30.0,5.0,24.0,1.0,0.0,13.0,513.0,94.0,333.0,88.0,210.0,55.0,1.0,30.0,215.0,257.0,60.0,0.0,197.0,10.0,10.0,11.0,1.0,2.0,0.17,48.0,48.0,55.0,13.0,1.0
src/KOKKOS/pair_lj_charmm_coul_long_kokkos.cpp,fe0bf70,4.0,27.0,1.0,86.0,396.0,55.0,4.0,4.0,5.0,1.0,32.0,4.0,27.0,1.0,0.0,13.0,537.0,86.0,365.0,113.0,240.0,55.0,1.0,30.0,244.0,292.0,86.0,0.0,206.0,10.0,10.0,11.0,1.0,2.0,0.15,52.0,52.0,61.0,13.0,0.0
src/KOKKOS/pair_lj_charmm_coul_charmm_kokkos.cpp,fe0bf70,5.0,24.0,1.0,94.0,369.0,55.0,4.0,4.0,4.0,1.0,30.0,5.0,24.0,1.0,0.0,13.0,518.0,94.0,338.0,90.0,215.0,55.0,1.0,30.0,220.0,264.0,63.0,0.0,201.0,10.0,10.0,11.0,1.0,2.0,0.16,48.0,48.0,55.0,13.0,0.0
src/KOKKOS/pair_lj_charmm_coul_charmm_implicit_kokkos.cpp,fe0bf70,5.0,24.0,1.0,94.0,367.0,55.0,4.0,4.0,4.0,1.0,30.0,5.0,24.0,1.0,0.0,13.0,516.0,94.0,336.0,88.0,213.0,55.0,1.0,30.0,218.0,260.0,60.0,0.0,200.0,10.0,10.0,11.0,1.0,2.0,0.16,48.0,48.0,55.0,13.0,0.0
src/KOKKOS/improper_harmonic_kokkos.h,2b605e2,0.0,0.0,0.0,24.0,57.0,21.0,0.0,0.0,0.0,0.0,0.0,0.0,0.0,0.0,1.0,0.0,102.0,22.0,46.0,43.0,0.0,21.0,5.0,8.0,30.0,31.0,31.0,0.0,0.0,0.0,0.0,0.0,0.0,0.0,0.46,0.0,0.0,0.0,0.0,1.0
src/KOKKOS/improper_harmonic_kokkos.h,a67cb06,0.0,0.0,0.0,24.0,57.0,21.0,0.0,0.0,0.0,0.0,0.0,0.0,0.0,0.0,1.0,0.0,102.0,22.0,46.0,43.0,0.0,21.0,5.0,8.0,30.0,31.0,31.0,0.0,0.0,0.0,0.0,0.0,0.0,0.0,0.46,0.0,0.0,0.0,0.0,0.0
src/MC/fix_gcmc.cpp,217fdbc,8.0,53.0,1.0,329.0,1674.0,129.0,12.0,12.0,13.0,2.0,63.0,8.0,53.0,1.0,0.0,31.0,2132.0,329.0,1642.0,310.0,1340.0,129.0,0.0,32.0,1168.0,1532.0,303.0,1.0,1228.0,39.0,39.0,54.0,9.0,5.0,0.08,362.0,362.0,408.0,67.0,1.0
src/MC/fix_gcmc.h,217fdbc,0.0,0.0,0.0,21.0,108.0,164.0,0.0,0.0,0.0,0.0,0.0,0.0,0.0,0.0,1.0,0.0,275.0,19.0,99.0,94.0,0.0,164.0,3.0,8.0,94.0,95.0,95.0,0.0,0.0,0.0,0.0,0.0,0.0,0.0,1.66,0.0,0.0,0.0,0.0,1.0
src/MC/fix_gcmc.cpp,f03b5a8,9.0,53.0,2.0,332.0,1676.0,134.0,12.0,12.0,13.0,2.0,63.0,9.0,53.0,2.0,0.0,31.0,2142.0,332.0,1644.0,311.0,1342.0,134.0,0.0,32.0,1170.0,1534.0,304.0,1.0,1229.0,39.0,39.0,54.0,9.0,5.0,0.08,362.0,362.0,408.0,67.0,0.0
src/MC/fix_gcmc.h,f03b5a8,0.0,0.0,0.0,21.0,108.0,164.0,0.0,0.0,0.0,0.0,0.0,0.0,0.0,0.0,1.0,0.0,275.0,19.0,99.0,94.0,0.0,164.0,3.0,8.0,94.0,95.0,95.0,0.0,0.0,0.0,0.0,0.0,0.0,0.0,1.66,0.0,0.0,0.0,0.0,0.0
src/KOKKOS/atom_vec_atomic_kokkos.cpp,616e95e,1.0,22.0,0.0,162.0,1144.0,86.0,4.0,4.0,4.0,1.0,24.0,1.0,22.0,0.0,0.0,47.0,1392.0,162.0,1133.0,351.0,683.0,86.0,0.0,11.0,732.0,909.0,210.0,0.0,699.0,16.0,16.0,16.0,1.0,4.0,0.08,180.0,180.0,183.0,47.0,1.0
src/KOKKOS/atom_vec_full_kokkos.cpp,616e95e,2.0,28.0,0.0,220.0,1993.0,103.0,5.0,5.0,5.0,1.0,30.0,2.0,28.0,0.0,0.0,64.0,2316.0,220.0,1982.0,555.0,1272.0,103.0,0.0,11.0,1372.0,1660.0,309.0,0.0,1351.0,32.0,32.0,32.0,1.0,4.0,0.05,291.0,291.0,294.0,64.0,1.0
src/KOKKOS/atom_vec_charge_kokkos.cpp,616e95e,1.0,22.0,0.0,185.0,1232.0,97.0,4.0,4.0,4.0,1.0,23.0,1.0,22.0,0.0,0.0,52.0,1514.0,185.0,1221.0,380.0,731.0,97.0,0.0,11.0,786.0,975.0,222.0,0.0,753.0,18.0,18.0,18.0,1.0,4.0,0.08,192.0,192.0,195.0,52.0,1.0
src/KOKKOS/atom_vec_molecular_kokkos.cpp,616e95e,2.0,34.0,0.0,211.0,1918.0,102.0,5.0,5.0,5.0,1.0,36.0,2.0,34.0,0.0,0.0,52.0,2231.0,211.0,1907.0,521.0,1236.0,102.0,0.0,11.0,1320.0,1590.0,280.0,0.0,1310.0,31.0,31.0,31.0,1.0,4.0,0.05,273.0,273.0,276.0,52.0,1.0
src/KOKKOS/atom_vec_bond_kokkos.cpp,616e95e,2.0,25.0,0.0,193.0,1421.0,98.0,4.0,4.0,4.0,1.0,27.0,2.0,25.0,0.0,0.0,52.0,1712.0,193.0,1410.0,428.0,862.0,98.0,0.0,11.0,946.0,1163.0,250.0,0.0,913.0,22.0,22.0,22.0,1.0,4.0,0.07,220.0,220.0,223.0,52.0,1.0
src/KOKKOS/atom_vec_angle_kokkos.cpp,616e95e,2.0,28.0,0.0,199.0,1582.0,100.0,5.0,5.0,5.0,1.0,30.0,2.0,28.0,0.0,0.0,52.0,1881.0,199.0,1571.0,464.0,977.0,100.0,0.0,11.0,1060.0,1292.0,259.0,0.0,1033.0,24.0,24.0,24.0,1.0,4.0,0.06,237.0,237.0,240.0,52.0,1.0
src/KOKKOS/atom_vec_atomic_kokkos.cpp,42ef877,1.0,22.0,0.0,163.0,1148.0,86.0,4.0,4.0,4.0,1.0,24.0,1.0,22.0,0.0,0.0,47.0,1397.0,163.0,1137.0,351.0,687.0,86.0,0.0,11.0,734.0,911.0,210.0,0.0,701.0,16.0,16.0,16.0,1.0,4.0,0.08,180.0,180.0,183.0,47.0,0.0
src/KOKKOS/atom_vec_full_kokkos.cpp,42ef877,2.0,28.0,0.0,222.0,1999.0,103.0,5.0,5.0,5.0,1.0,30.0,2.0,28.0,0.0,0.0,64.0,2324.0,222.0,1988.0,555.0,1278.0,103.0,0.0,11.0,1374.0,1662.0,309.0,0.0,1353.0,32.0,32.0,32.0,1.0,4.0,0.05,291.0,291.0,294.0,64.0,0.0
src/KOKKOS/atom_vec_charge_kokkos.cpp,42ef877,1.0,22.0,0.0,187.0,1236.0,97.0,4.0,4.0,4.0,1.0,23.0,1.0,22.0,0.0,0.0,52.0,1520.0,187.0,1225.0,380.0,735.0,97.0,0.0,11.0,788.0,977.0,222.0,0.0,755.0,18.0,18.0,18.0,1.0,4.0,0.08,192.0,192.0,195.0,52.0,0.0
src/KOKKOS/atom_vec_molecular_kokkos.cpp,42ef877,2.0,34.0,0.0,213.0,1924.0,102.0,5.0,5.0,5.0,1.0,36.0,2.0,34.0,0.0,0.0,52.0,2239.0,213.0,1913.0,521.0,1242.0,102.0,0.0,11.0,1322.0,1592.0,280.0,0.0,1312.0,31.0,31.0,31.0,1.0,4.0,0.05,273.0,273.0,276.0,52.0,0.0
src/KOKKOS/atom_vec_bond_kokkos.cpp,42ef877,1.0,25.0,0.0,192.0,1425.0,98.0,4.0,4.0,4.0,1.0,27.0,1.0,25.0,0.0,0.0,52.0,1715.0,192.0,1414.0,428.0,866.0,98.0,0.0,11.0,948.0,1165.0,250.0,0.0,915.0,22.0,22.0,22.0,1.0,4.0,0.07,220.0,220.0,223.0,52.0,0.0
src/KOKKOS/atom_vec_angle_kokkos.cpp,42ef877,2.0,28.0,0.0,200.0,1588.0,100.0,5.0,5.0,5.0,1.0,30.0,2.0,28.0,0.0,0.0,52.0,1888.0,200.0,1577.0,464.0,983.0,100.0,0.0,11.0,1062.0,1294.0,259.0,0.0,1035.0,24.0,24.0,24.0,1.0,4.0,0.06,237.0,237.0,240.0,52.0,0.0
src/KOKKOS/memory_kokkos.h,42ef877,1.0,9.0,1.0,39.0,181.0,46.0,2.0,2.0,2.0,1.0,10.0,1.0,8.0,1.0,0.0,19.0,266.0,39.0,165.0,62.0,75.0,46.0,8.0,12.0,80.0,109.0,31.0,0.0,78.0,3.0,3.0,3.0,1.0,1.0,0.28,29.0,29.0,29.0,19.0,1.0
src/KOKKOS/memory_kokkos.h,c210fae,1.0,9.0,1.0,39.0,196.0,46.0,2.0,2.0,2.0,1.0,11.0,1.0,8.0,1.0,0.0,19.0,281.0,39.0,180.0,62.0,90.0,46.0,8.0,12.0,85.0,119.0,31.0,0.0,88.0,4.0,4.0,4.0,1.0,2.0,0.26,34.0,34.0,34.0,19.0,0.0
src/KOKKOS/neighbor_kokkos.cpp,d9ad60f,2.0,18.0,1.0,98.0,439.0,62.0,5.0,5.0,5.0,1.0,20.0,2.0,18.0,1.0,0.0,24.0,597.0,98.0,429.0,56.0,312.0,62.0,0.0,10.0,291.0,407.0,48.0,0.0,359.0,20.0,20.0,23.0,5.0,4.0,0.14,116.0,116.0,128.0,30.0,1.0
src/KOKKOS/neighbor_kokkos.cpp,6d665f1,2.0,18.0,1.0,98.0,439.0,62.0,5.0,5.0,5.0,1.0,20.0,2.0,18.0,1.0,0.0,24.0,597.0,98.0,429.0,56.0,312.0,62.0,0.0,10.0,291.0,407.0,48.0,0.0,359.0,20.0,20.0,23.0,5.0,4.0,0.14,116.0,116.0,128.0,30.0,0.0
src/MC/fix_gcmc.cpp,9213a78,9.0,54.0,2.0,339.0,1720.0,142.0,12.0,12.0,14.0,2.0,65.0,9.0,54.0,2.0,0.0,31.0,2201.0,339.0,1688.0,317.0,1380.0,142.0,0.0,32.0,1199.0,1583.0,310.0,1.0,1272.0,39.0,39.0,54.0,9.0,5.0,0.08,382.0,382.0,430.0,67.0,1.0
src/neighbor.cpp,9213a78,13.0,66.0,8.0,327.0,1505.0,303.0,27.0,27.0,31.0,4.0,87.0,13.0,66.0,8.0,0.0,22.0,2134.0,327.0,1464.0,99.0,1260.0,303.0,4.0,37.0,1014.0,1584.0,87.0,0.0,1497.0,192.0,192.0,261.0,49.0,7.0,0.21,583.0,583.0,678.0,88.0,1.0
src/MC/fix_gcmc.cpp,354ee97,9.0,54.0,2.0,339.0,1720.0,142.0,12.0,12.0,14.0,2.0,65.0,9.0,54.0,2.0,0.0,31.0,2201.0,339.0,1688.0,317.0,1380.0,142.0,0.0,32.0,1199.0,1583.0,310.0,1.0,1272.0,39.0,39.0,54.0,9.0,5.0,0.08,382.0,382.0,430.0,67.0,0.0
src/neighbor.cpp,354ee97,13.0,67.0,8.0,328.0,1508.0,304.0,27.0,27.0,31.0,4.0,87.0,13.0,66.0,8.0,0.0,22.0,2139.0,328.0,1467.0,99.0,1263.0,304.0,4.0,37.0,1017.0,1589.0,87.0,0.0,1502.0,194.0,194.0,263.0,49.0,7.0,0.21,585.0,585.0,680.0,88.0,0.0
src/MC/fix_gcmc.cpp,08e9e3c,9.0,54.0,2.0,339.0,1720.0,142.0,12.0,12.0,14.0,2.0,65.0,9.0,54.0,2.0,0.0,31.0,2201.0,339.0,1688.0,317.0,1380.0,142.0,0.0,32.0,1199.0,1583.0,310.0,1.0,1272.0,39.0,39.0,54.0,9.0,5.0,0.08,382.0,382.0,430.0,67.0,1.0
src/MC/fix_gcmc.cpp,4b03a29,9.0,54.0,2.0,341.0,1722.0,143.0,12.0,12.0,14.0,2.0,65.0,9.0,54.0,2.0,0.0,31.0,2206.0,341.0,1690.0,318.0,1382.0,143.0,0.0,32.0,1202.0,1587.0,311.0,1.0,1275.0,40.0,40.0,55.0,9.0,5.0,0.08,383.0,383.0,431.0,67.0,0.0
src/USER-FEP/compute_fep.cpp,14554c9,7.0,38.0,2.0,122.0,482.0,65.0,11.0,11.0,12.0,1.0,47.0,7.0,38.0,2.0,0.0,12.0,660.0,122.0,462.0,68.0,363.0,65.0,0.0,20.0,322.0,450.0,67.0,0.0,383.0,30.0,30.0,31.0,7.0,6.0,0.14,129.0,129.0,142.0,18.0,1.0
src/USER-FEP/compute_fep.cpp,5c5df89,7.0,38.0,2.0,122.0,482.0,65.0,11.0,11.0,12.0,1.0,47.0,7.0,38.0,2.0,0.0,12.0,660.0,122.0,462.0,68.0,363.0,65.0,0.0,20.0,322.0,450.0,67.0,0.0,383.0,30.0,30.0,31.0,7.0,6.0,0.14,129.0,129.0,143.0,18.0,0.0
python/lammps.py,fbf6999,3.0,24.0,1.0,98.0,439.0,76.5,2.0,2.0,2.0,2.0,9.0,0.0,8.0,0.0,1.0,14.0,190.0,27.0,125.0,19.0,106.0,38.0,0.0,11.0,291.0,124.0,19.0,0.0,105.0,5.0,5.0,5.0,5.0,2.0,0.3,39.0,39.0,39.0,32.0,1.0
python/lammps.py,ae980d6,3.0,24.0,1.0,98.0,439.0,76.5,2.0,2.0,2.0,2.0,9.0,0.0,8.0,0.0,1.0,15.0,193.0,28.0,127.0,20.0,107.0,38.0,0.0,11.0,291.0,126.0,20.0,0.0,106.0,5.0,5.0,5.0,5.0,2.0,0.3,40.0,40.0,40.0,33.0,0.0
src/MC/fix_gcmc.cpp,66566c5,9.0,54.0,2.0,341.0,1722.0,143.0,12.0,12.0,14.0,2.0,65.0,9.0,54.0,2.0,0.0,31.0,2206.0,341.0,1690.0,318.0,1382.0,143.0,0.0,32.0,1202.0,1589.0,312.0,1.0,1276.0,40.0,40.0,55.0,9.0,5.0,0.08,383.0,383.0,431.0,67.0,1.0
src/MC/fix_atom_swap.cpp,66566c5,5.0,27.0,1.0,136.0,567.0,71.0,8.0,8.0,8.0,1.0,32.0,5.0,27.0,1.0,0.0,20.0,774.0,136.0,537.0,94.0,411.0,71.0,0.0,30.0,360.0,522.0,95.0,0.0,427.0,24.0,24.0,27.0,11.0,5.0,0.13,160.0,160.0,167.0,36.0,1.0
src/MC/fix_gcmc.cpp,54210d7,9.0,55.0,2.0,343.0,1732.0,144.0,12.0,12.0,14.0,2.0,65.0,9.0,55.0,2.0,0.0,31.0,2219.0,343.0,1700.0,319.0,1389.0,144.0,0.0,32.0,1207.0,1596.0,313.0,1.0,1282.0,40.0,40.0,55.0,9.0,5.0,0.08,385.0,385.0,433.0,67.0,0.0
src/MC/fix_atom_swap.cpp,54210d7,5.0,27.0,1.0,137.0,580.0,74.0,8.0,8.0,9.0,1.0,33.0,5.0,27.0,1.0,0.0,20.0,791.0,137.0,549.0,95.0,421.0,74.0,0.0,31.0,371.0,538.0,96.0,0.0,442.0,29.0,29.0,33.0,11.0,6.0,0.13,165.0,165.0,173.0,36.0,0.0
src/MC/fix_atom_swap.h,0da2e17,0.0,0.0,0.0,18.0,65.0,65.0,0.0,0.0,0.0,0.0,0.0,0.0,0.0,0.0,1.0,0.0,137.0,16.0,56.0,51.0,0.0,65.0,3.0,8.0,51.0,52.0,52.0,0.0,0.0,0.0,0.0,0.0,0.0,0.0,1.16,0.0,0.0,0.0,0.0,1.0
src/MC/fix_atom_swap.cpp,0da2e17,5.0,27.0,1.0,137.0,580.0,74.0,8.0,8.0,9.0,1.0,33.0,5.0,27.0,1.0,0.0,20.0,791.0,137.0,549.0,95.0,421.0,74.0,0.0,31.0,371.0,538.0,96.0,0.0,442.0,29.0,29.0,33.0,11.0,6.0,0.13,165.0,165.0,173.0,36.0,1.0
src/MC/fix_atom_swap.h,5cbf3cf,0.0,0.0,0.0,18.0,65.0,69.0,0.0,0.0,0.0,0.0,0.0,0.0,0.0,0.0,1.0,0.0,141.0,16.0,56.0,51.0,0.0,69.0,3.0,8.0,51.0,52.0,52.0,0.0,0.0,0.0,0.0,0.0,0.0,0.0,1.23,0.0,0.0,0.0,0.0,0.0
src/MC/fix_atom_swap.cpp,5cbf3cf,5.0,28.0,1.0,137.0,590.0,74.0,9.0,9.0,9.0,2.0,33.0,5.0,28.0,1.0,0.0,20.0,801.0,137.0,559.0,99.0,429.0,74.0,0.0,31.0,383.0,556.0,100.0,0.0,456.0,29.0,29.0,33.0,13.0,6.0,0.13,171.0,171.0,179.0,48.0,0.0
src/reader_xyz.cpp,b9a5521,3.0,14.0,2.0,43.0,110.0,64.0,4.0,3.0,4.0,1.0,20.0,3.0,14.0,2.0,0.0,7.0,216.0,43.0,102.0,23.0,64.0,64.0,0.0,8.0,62.0,88.0,19.0,0.0,69.0,9.0,5.0,9.0,1.0,3.0,0.63,25.0,21.0,29.0,7.0,1.0
src/reader_xyz.cpp,ca55525,3.0,15.0,2.0,43.0,112.0,65.0,4.0,3.0,4.0,1.0,20.0,3.0,15.0,2.0,0.0,7.0,218.0,43.0,104.0,24.0,66.0,65.0,0.0,8.0,64.0,91.0,20.0,0.0,71.0,9.0,5.0,9.0,1.0,3.0,0.62,26.0,22.0,30.0,7.0,0.0
src/MANYBODY/pair_tersoff.cpp,858eed2,5.0,23.0,2.0,161.0,524.0,95.0,6.0,6.0,7.0,3.0,30.0,5.0,23.0,2.0,0.0,22.0,780.0,161.0,508.0,82.0,383.0,95.0,0.0,16.0,385.0,516.0,70.0,0.0,446.0,27.0,27.0,40.0,19.0,6.0,0.19,129.0,129.0,150.0,70.0,1.0
src/MANYBODY/pair_comb.cpp,858eed2,8.0,32.0,3.0,441.0,1494.0,217.0,6.0,6.0,8.0,2.0,42.0,8.0,32.0,3.0,0.0,46.0,2132.0,441.0,1473.0,229.0,1152.0,217.0,0.0,21.0,1168.0,1443.0,202.0,0.0,1241.0,40.0,40.0,61.0,24.0,6.0,0.15,275.0,275.0,345.0,129.0,1.0
src/MANYBODY/pair_tersoff.cpp,e551418,5.0,23.0,2.0,161.0,524.0,97.0,6.0,6.0,7.0,3.0,30.0,5.0,23.0,2.0,0.0,22.0,782.0,161.0,508.0,82.0,383.0,97.0,0.0,16.0,385.0,516.0,70.0,0.0,446.0,27.0,27.0,40.0,19.0,6.0,0.19,129.0,129.0,150.0,70.0,0.0
src/MANYBODY/pair_comb.cpp,e551418,8.0,32.0,3.0,441.0,1494.0,219.0,6.0,6.0,8.0,2.0,42.0,8.0,32.0,3.0,0.0,46.0,2134.0,441.0,1473.0,229.0,1152.0,219.0,0.0,21.0,1168.0,1443.0,202.0,0.0,1241.0,40.0,40.0,61.0,24.0,6.0,0.15,275.0,275.0,345.0,129.0,0.0
src/USER-OMP/pair_nb3b_harmonic_omp.cpp,c7170a4,7.0,34.0,1.0,39.0,145.0,18.0,6.0,6.0,7.0,4.0,42.0,7.0,33.0,1.0,0.0,4.0,201.0,39.0,134.0,26.0,97.0,18.0,1.0,11.0,108.0,131.0,24.0,0.0,107.0,16.0,16.0,19.0,15.0,4.0,0.13,22.0,22.0,26.0,18.0,1.0
src/USER-OMP/pair_sw_omp.cpp,c7170a4,8.0,36.0,1.0,41.0,155.0,19.0,6.0,6.0,7.0,4.0,45.0,8.0,36.0,1.0,0.0,4.0,213.0,41.0,144.0,27.0,107.0,19.0,1.0,11.0,117.0,141.0,25.0,0.0,116.0,17.0,17.0,20.0,15.0,4.0,0.13,23.0,23.0,27.0,18.0,1.0
src/KOKKOS/pair_sw_kokkos.cpp,c7170a4,8.0,34.0,1.0,180.0,670.0,58.0,6.0,6.0,6.0,2.0,43.0,8.0,34.0,1.0,0.0,18.0,908.0,180.0,647.0,214.0,493.0,58.0,1.0,22.0,483.0,583.0,165.0,0.0,418.0,20.0,20.0,25.0,14.0,4.0,0.09,101.0,101.0,114.0,43.0,1.0
src/MANYBODY/pair_nb3b_harmonic.cpp,c7170a4,8.0,30.0,3.0,113.0,348.0,70.0,8.0,8.0,9.0,3.0,40.0,8.0,30.0,3.0,0.0,11.0,531.0,113.0,329.0,47.0,253.0,70.0,0.0,19.0,265.0,357.0,43.0,0.0,314.0,27.0,27.0,29.0,15.0,6.0,0.21,91.0,91.0,101.0,43.0,1.0
src/USER-OMP/pair_nb3b_harmonic_omp.cpp,834731d,6.0,28.0,1.0,32.0,121.0,18.0,3.0,3.0,4.0,2.0,34.0,6.0,27.0,1.0,0.0,4.0,170.0,32.0,110.0,24.0,77.0,18.0,1.0,11.0,88.0,102.0,22.0,0.0,80.0,7.0,7.0,7.0,6.0,4.0,0.16,13.0,13.0,14.0,9.0,0.0
src/USER-OMP/pair_sw_omp.cpp,834731d,8.0,36.0,1.0,41.0,155.0,19.0,6.0,6.0,7.0,4.0,45.0,8.0,36.0,1.0,0.0,4.0,213.0,41.0,144.0,27.0,107.0,19.0,1.0,11.0,117.0,141.0,25.0,0.0,116.0,17.0,17.0,20.0,15.0,4.0,0.13,23.0,23.0,27.0,18.0,0.0
src/KOKKOS/pair_sw_kokkos.cpp,834731d,8.0,34.0,1.0,180.0,670.0,58.0,6.0,6.0,6.0,2.0,43.0,8.0,34.0,1.0,0.0,18.0,908.0,180.0,647.0,214.0,493.0,58.0,1.0,22.0,483.0,583.0,165.0,0.0,418.0,20.0,20.0,25.0,14.0,4.0,0.09,101.0,101.0,114.0,43.0,0.0
src/MANYBODY/pair_nb3b_harmonic.cpp,834731d,7.0,28.0,3.0,105.0,324.0,69.0,7.0,7.0,8.0,3.0,37.0,7.0,28.0,3.0,0.0,11.0,498.0,105.0,305.0,45.0,232.0,69.0,0.0,19.0,245.0,328.0,41.0,0.0,287.0,27.0,27.0,29.0,15.0,6.0,0.23,82.0,82.0,89.0,34.0,0.0
src/fix_nh.cpp,d75b473,8.0,47.0,4.0,357.0,1683.0,260.0,14.0,14.0,17.0,2.0,59.0,8.0,47.0,4.0,0.0,35.0,2300.0,357.0,1661.0,181.0,1379.0,260.0,0.0,22.0,1114.0,1599.0,182.0,0.0,1417.0,140.0,140.0,222.0,46.0,4.0,0.16,488.0,488.0,595.0,85.0,1.0
src/fix_nh.cpp,066e759,8.0,47.0,4.0,358.0,1684.0,260.0,14.0,14.0,17.0,2.0,59.0,8.0,47.0,4.0,0.0,35.0,2302.0,358.0,1662.0,181.0,1380.0,260.0,0.0,22.0,1115.0,1600.0,182.0,0.0,1418.0,140.0,140.0,222.0,46.0,4.0,0.16,488.0,488.0,595.0,85.0,0.0
src/molecule.cpp,a61df92,6.0,37.0,2.0,244.0,1169.0,289.0,11.0,11.0,13.0,1.0,44.0,6.0,37.0,2.0,0.0,31.0,1701.0,244.0,1153.0,173.0,927.0,289.0,0.0,16.0,825.0,1164.0,173.0,0.0,991.0,59.0,59.0,68.0,11.0,5.0,0.25,352.0,352.0,408.0,51.0,1.0
src/molecule.cpp,4c19f60,6.0,37.0,2.0,244.0,1170.0,289.0,11.0,11.0,13.0,1.0,44.0,6.0,37.0,2.0,0.0,31.0,1702.0,244.0,1154.0,173.0,928.0,289.0,0.0,16.0,826.0,1165.0,173.0,0.0,992.0,59.0,59.0,68.0,11.0,5.0,0.25,352.0,352.0,408.0,51.0,0.0
src/MC/fix_gcmc.cpp,4c19f60,9.0,57.0,2.0,353.0,1807.0,145.0,13.0,13.0,16.0,2.0,68.0,9.0,57.0,2.0,0.0,31.0,2305.0,353.0,1775.0,322.0,1454.0,145.0,0.0,32.0,1250.0,1668.0,315.0,1.0,1352.0,39.0,39.0,54.0,9.0,5.0,0.08,416.0,416.0,483.0,67.0,1.0
src/MC/fix_gcmc.cpp,da1a3ac,9.0,57.0,2.0,353.0,1807.0,145.0,13.0,13.0,16.0,2.0,68.0,9.0,57.0,2.0,0.0,31.0,2305.0,353.0,1775.0,322.0,1454.0,145.0,0.0,32.0,1250.0,1668.0,315.0,1.0,1352.0,39.0,39.0,54.0,9.0,5.0,0.08,416.0,416.0,483.0,67.0,0.0
src/fix_nh.cpp,e993934,8.0,47.0,4.0,358.0,1684.0,260.0,14.0,14.0,17.0,2.0,59.0,8.0,47.0,4.0,0.0,35.0,2302.0,358.0,1662.0,181.0,1380.0,260.0,0.0,22.0,1115.0,1600.0,182.0,0.0,1418.0,140.0,140.0,222.0,46.0,4.0,0.16,488.0,488.0,595.0,85.0,1.0
src/fix_nh.cpp,3ca986f,8.0,47.0,4.0,359.0,1684.0,261.0,14.0,14.0,17.0,2.0,59.0,8.0,47.0,4.0,0.0,35.0,2304.0,359.0,1662.0,181.0,1380.0,261.0,0.0,22.0,1115.0,1600.0,182.0,0.0,1418.0,140.0,140.0,222.0,46.0,4.0,0.16,488.0,488.0,595.0,85.0,0.0
src/fix_ave_time.cpp,00738a8,9.0,51.0,6.0,176.0,838.0,145.0,19.0,19.0,22.0,2.0,66.0,9.0,51.0,6.0,0.0,16.0,1159.0,176.0,822.0,103.0,685.0,145.0,0.0,16.0,587.0,887.0,103.0,0.0,784.0,119.0,119.0,159.0,9.0,6.0,0.18,298.0,298.0,354.0,41.0,1.0
src/fix_ave_time.cpp,853eab8,9.0,51.0,6.0,176.0,838.0,145.0,19.0,19.0,22.0,2.0,66.0,9.0,51.0,6.0,0.0,16.0,1159.0,176.0,822.0,103.0,685.0,145.0,0.0,16.0,587.0,887.0,103.0,0.0,784.0,119.0,119.0,159.0,9.0,6.0,0.18,298.0,298.0,354.0,41.0,0.0
src/compute_msd.cpp,853eab8,8.0,33.0,4.0,52.0,173.0,37.0,7.0,7.0,7.0,1.0,44.0,8.0,33.0,4.0,0.0,5.0,262.0,52.0,164.0,39.0,131.0,37.0,0.0,9.0,129.0,163.0,38.0,0.0,125.0,18.0,18.0,18.0,1.0,4.0,0.23,33.0,33.0,33.0,5.0,1.0
src/compute_msd.cpp,28e3ebf,8.0,33.0,4.0,52.0,175.0,38.0,7.0,7.0,7.0,1.0,45.0,8.0,33.0,4.0,0.0,5.0,265.0,52.0,166.0,38.0,131.0,38.0,0.0,9.0,129.0,163.0,37.0,0.0,126.0,17.0,17.0,17.0,1.0,4.0,0.23,33.0,33.0,33.0,5.0,0.0
src/dump.cpp,f7702fd,10.0,51.0,5.0,151.0,635.0,107.0,15.0,15.0,16.0,2.0,66.0,10.0,51.0,5.0,0.0,12.0,893.0,151.0,609.0,95.0,509.0,107.0,7.0,22.0,455.0,622.0,94.0,0.0,528.0,54.0,54.0,55.0,7.0,4.0,0.18,174.0,174.0,193.0,24.0,1.0
src/dump.cpp,5087bdb,10.0,52.0,5.0,153.0,641.0,107.0,15.0,15.0,16.0,2.0,67.0,10.0,51.0,5.0,0.0,12.0,901.0,153.0,613.0,97.0,513.0,107.0,7.0,24.0,459.0,628.0,96.0,0.0,532.0,54.0,54.0,55.0,7.0,4.0,0.17,176.0,176.0,196.0,24.0,0.0
src/domain.cpp,760071b,4.0,32.0,1.0,272.0,1362.0,281.0,11.0,11.0,13.0,1.0,38.0,4.0,32.0,1.0,0.0,41.0,1912.0,272.0,1305.0,180.0,989.0,281.0,0.0,57.0,919.0,1291.0,177.0,0.0,1114.0,61.0,61.0,63.0,12.0,4.0,0.22,452.0,452.0,522.0,75.0,1.0
src/domain.cpp,59e5d36,4.0,32.0,1.0,272.0,1362.0,281.0,11.0,11.0,13.0,1.0,38.0,4.0,32.0,1.0,0.0,41.0,1912.0,272.0,1305.0,180.0,989.0,281.0,0.0,57.0,919.0,1291.0,177.0,0.0,1114.0,61.0,61.0,63.0,12.0,4.0,0.22,452.0,452.0,522.0,75.0,0.0
src/version.h,e2ec56c,0.0,0.0,0.0,0.0,1.0,0.0,0.0,0.0,0.0,0.0,0.0,0.0,0.0,0.0,0.0,0.0,1.0,0.0,0.0,0.0,0.0,0.0,0.0,1.0,0.0,0.0,0.0,0.0,0.0,0.0,0.0,0.0,0.0,0.0,0.0,0.0,0.0,0.0,0.0,1.0
src/version.h,0656a3e,0.0,0.0,0.0,0.0,1.0,0.0,0.0,0.0,0.0,0.0,0.0,0.0,0.0,0.0,0.0,0.0,1.0,0.0,0.0,0.0,0.0,0.0,0.0,1.0,0.0,0.0,0.0,0.0,0.0,0.0,0.0,0.0,0.0,0.0,0.0,0.0,0.0,0.0,0.0,0.0
src/fix_langevin.cpp,d13b2ec,4.0,29.0,2.0,133.0,675.0,110.0,9.0,9.0,9.0,1.0,35.0,4.0,29.0,2.0,0.0,22.0,916.0,133.0,640.0,115.0,520.0,110.0,7.0,30.0,423.0,620.0,113.0,0.0,507.0,64.0,64.0,64.0,1.0,6.0,0.17,195.0,195.0,203.0,22.0,1.0
src/fix_langevin.h,d13b2ec,0.0,0.0,0.0,16.0,64.0,79.0,0.0,0.0,0.0,0.0,0.0,0.0,0.0,0.0,1.0,0.0,159.0,14.0,50.0,47.0,0.0,79.0,6.0,11.0,43.0,44.0,44.0,0.0,0.0,0.0,0.0,0.0,0.0,0.0,1.58,0.0,0.0,0.0,0.0,1.0
src/fix_langevin.cpp,eebf110,4.0,29.0,2.0,135.0,677.0,113.0,9.0,9.0,9.0,1.0,36.0,4.0,29.0,2.0,0.0,22.0,923.0,135.0,642.0,115.0,522.0,113.0,7.0,30.0,425.0,622.0,113.0,0.0,509.0,64.0,64.0,64.0,1.0,6.0,0.18,195.0,195.0,204.0,22.0,0.0
src/fix_langevin.h,eebf110,0.0,0.0,0.0,16.0,65.0,79.0,0.0,0.0,0.0,0.0,0.0,0.0,0.0,0.0,1.0,0.0,160.0,14.0,51.0,48.0,0.0,79.0,6.0,11.0,44.0,45.0,45.0,0.0,0.0,0.0,0.0,0.0,0.0,0.0,1.55,0.0,0.0,0.0,0.0,0.0
src/KOKKOS/atom_vec_atomic_kokkos.cpp,eebf110,1.0,22.0,0.0,163.0,1148.0,86.0,4.0,4.0,4.0,1.0,24.0,1.0,22.0,0.0,0.0,47.0,1397.0,163.0,1137.0,351.0,687.0,86.0,0.0,11.0,734.0,909.0,209.0,0.0,700.0,16.0,16.0,16.0,1.0,4.0,0.08,180.0,180.0,183.0,47.0,1.0
src/KOKKOS/atom_vec_charge_kokkos.cpp,eebf110,1.0,22.0,0.0,187.0,1236.0,97.0,4.0,4.0,4.0,1.0,23.0,1.0,22.0,0.0,0.0,52.0,1520.0,187.0,1225.0,380.0,735.0,97.0,0.0,11.0,788.0,977.0,222.0,0.0,755.0,18.0,18.0,18.0,1.0,4.0,0.08,192.0,192.0,195.0,52.0,1.0
src/KOKKOS/atom_vec_atomic_kokkos.cpp,eb10541,1.0,22.0,0.0,164.0,1149.0,86.0,4.0,4.0,4.0,1.0,24.0,1.0,22.0,0.0,0.0,47.0,1399.0,164.0,1138.0,351.0,688.0,86.0,0.0,11.0,735.0,910.0,209.0,0.0,701.0,16.0,16.0,16.0,1.0,4.0,0.08,180.0,180.0,183.0,47.0,0.0
src/KOKKOS/atom_vec_charge_kokkos.cpp,eb10541,1.0,22.0,0.0,188.0,1237.0,97.0,4.0,4.0,4.0,1.0,23.0,1.0,22.0,0.0,0.0,52.0,1522.0,188.0,1226.0,380.0,736.0,97.0,0.0,11.0,789.0,978.0,222.0,0.0,756.0,18.0,18.0,18.0,1.0,4.0,0.08,192.0,192.0,195.0,52.0,0.0
src/KOKKOS/pair_lj_charmm_coul_long_kokkos.h,e3e687f,0.0,1.0,0.0,29.0,106.0,16.0,1.0,1.0,1.0,1.0,1.0,0.0,1.0,0.0,1.0,2.0,151.0,27.0,94.0,90.0,2.0,16.0,5.0,9.0,84.0,85.0,71.0,0.0,14.0,1.0,1.0,1.0,1.0,0.0,0.17,2.0,2.0,2.0,2.0,1.0
src/KOKKOS/pair_lj_charmm_coul_long_kokkos.cpp,e3e687f,4.0,27.0,1.0,86.0,396.0,55.0,4.0,4.0,5.0,1.0,32.0,4.0,27.0,1.0,0.0,13.0,537.0,86.0,365.0,114.0,240.0,55.0,1.0,30.0,244.0,290.0,86.0,0.0,204.0,10.0,10.0,11.0,1.0,2.0,0.15,52.0,52.0,61.0,13.0,1.0
src/KOKKOS/pair_lj_charmm_coul_long_kokkos.h,c8fb847,0.0,1.0,0.0,29.0,105.0,16.0,1.0,1.0,1.0,1.0,1.0,0.0,1.0,0.0,1.0,2.0,150.0,27.0,93.0,89.0,2.0,16.0,5.0,9.0,83.0,84.0,70.0,0.0,14.0,1.0,1.0,1.0,1.0,0.0,0.17,2.0,2.0,2.0,2.0,0.0
src/KOKKOS/pair_lj_charmm_coul_long_kokkos.cpp,c8fb847,5.0,28.0,1.0,82.0,390.0,52.0,4.0,4.0,5.0,1.0,34.0,5.0,28.0,1.0,0.0,12.0,524.0,82.0,359.0,112.0,238.0,52.0,1.0,30.0,242.0,286.0,85.0,0.0,201.0,10.0,10.0,11.0,1.0,2.0,0.14,50.0,50.0,59.0,12.0,0.0
src/KOKKOS/pair_kokkos.h,c8fb847,2.0,17.0,0.0,114.0,600.0,42.0,4.0,4.0,5.0,1.0,19.0,2.0,17.0,0.0,0.0,30.0,754.0,113.0,582.0,249.0,361.0,42.0,3.0,16.0,348.0,444.0,194.0,0.0,250.0,18.0,18.0,28.0,3.0,5.0,0.07,109.0,109.0,141.0,32.0,1.0
src/KOKKOS/pair_lj_cut_kokkos.h,c8fb847,0.0,3.0,0.0,24.0,82.0,30.0,1.0,1.0,1.0,1.0,3.0,0.0,3.0,0.0,1.0,3.0,135.0,22.0,70.0,64.0,3.0,30.0,5.0,9.0,63.0,66.0,55.0,0.0,11.0,1.0,1.0,1.0,1.0,0.0,0.43,3.0,3.0,3.0,3.0,1.0
src/KOKKOS/pair_lj_cut_kokkos.cpp,c8fb847,2.0,15.0,0.0,47.0,193.0,32.0,3.0,3.0,4.0,1.0,18.0,2.0,15.0,0.0,0.0,10.0,272.0,47.0,169.0,40.0,118.0,32.0,1.0,23.0,104.0,131.0,23.0,0.0,108.0,9.0,9.0,12.0,1.0,2.0,0.19,32.0,32.0,39.0,10.0,1.0
src/KOKKOS/pair_kokkos.h,34785af,2.0,17.0,0.0,114.0,600.0,42.0,4.0,4.0,5.0,1.0,19.0,2.0,17.0,0.0,0.0,30.0,754.0,113.0,582.0,249.0,361.0,42.0,3.0,16.0,348.0,444.0,194.0,0.0,250.0,18.0,18.0,28.0,3.0,5.0,0.07,109.0,109.0,141.0,32.0,0.0
src/KOKKOS/pair_lj_cut_kokkos.h,34785af,0.0,3.0,0.0,25.0,84.0,30.0,1.0,1.0,1.0,1.0,3.0,0.0,3.0,0.0,1.0,3.0,138.0,23.0,72.0,66.0,3.0,30.0,5.0,9.0,65.0,68.0,57.0,0.0,11.0,1.0,1.0,1.0,1.0,0.0,0.42,3.0,3.0,3.0,3.0,0.0
src/KOKKOS/pair_lj_cut_kokkos.cpp,34785af,3.0,18.0,1.0,51.0,215.0,33.0,4.0,4.0,4.0,1.0,21.0,3.0,18.0,1.0,0.0,10.0,299.0,51.0,191.0,40.0,136.0,33.0,1.0,23.0,118.0,149.0,23.0,0.0,126.0,11.0,11.0,14.0,1.0,2.0,0.17,36.0,36.0,43.0,10.0,0.0
src/VORONOI/compute_voronoi_atom.cpp,34785af,5.0,34.0,5.0,84.0,463.0,97.0,9.0,9.0,10.0,1.0,44.0,5.0,33.0,5.0,0.0,13.0,639.0,84.0,434.0,65.0,336.0,97.0,4.0,25.0,300.0,420.0,60.0,0.0,360.0,31.0,31.0,34.0,1.0,6.0,0.22,123.0,123.0,135.0,13.0,1.0
src/VORONOI/compute_voronoi_atom.cpp,ad1d7ff,5.0,34.0,5.0,84.0,464.0,97.0,10.0,10.0,10.0,1.0,44.0,5.0,33.0,5.0,0.0,13.0,640.0,84.0,435.0,65.0,337.0,97.0,4.0,25.0,300.0,421.0,60.0,0.0,361.0,31.0,31.0,34.0,1.0,6.0,0.22,124.0,124.0,136.0,13.0,0.0
src/atom.h,775b163,0.0,2.0,0.0,84.0,194.0,260.0,2.0,2.0,2.0,1.0,2.0,0.0,2.0,0.0,1.0,4.0,493.0,84.0,190.0,182.0,6.0,260.0,0.0,4.0,184.0,188.0,181.0,0.0,7.0,3.0,3.0,3.0,3.0,1.0,1.37,6.0,6.0,6.0,6.0,1.0
src/KOKKOS/neighbor_kokkos.cpp,775b163,2.0,18.0,1.0,98.0,439.0,62.0,5.0,5.0,5.0,1.0,20.0,2.0,18.0,1.0,0.0,24.0,597.0,98.0,429.0,56.0,312.0,62.0,0.0,10.0,291.0,407.0,48.0,0.0,359.0,20.0,20.0,23.0,5.0,4.0,0.14,117.0,117.0,129.0,30.0,1.0
src/KOKKOS/atom_kokkos.cpp,775b163,3.0,16.0,2.0,48.0,158.0,49.0,3.0,3.0,3.0,1.0,22.0,3.0,16.0,2.0,0.0,9.0,255.0,48.0,148.0,15.0,112.0,49.0,0.0,10.0,118.0,141.0,13.0,0.0,128.0,19.0,19.0,19.0,4.0,2.0,0.33,30.0,30.0,30.0,12.0,1.0
src/KOKKOS/atom_kokkos.h,775b163,0.0,4.0,0.0,12.0,84.0,15.0,2.0,2.0,2.0,1.0,4.0,0.0,4.0,0.0,2.0,8.0,111.0,12.0,79.0,60.0,14.0,15.0,0.0,5.0,62.0,77.0,57.0,0.0,20.0,4.0,4.0,4.0,1.0,3.0,0.19,14.0,14.0,14.0,8.0,1.0
src/atom.h,9eb8702,0.0,2.0,0.0,84.0,194.0,260.0,2.0,2.0,2.0,1.0,2.0,0.0,2.0,0.0,1.0,4.0,493.0,84.0,190.0,182.0,6.0,260.0,0.0,4.0,184.0,188.0,181.0,0.0,7.0,3.0,3.0,3.0,3.0,1.0,1.37,6.0,6.0,6.0,6.0,0.0
src/KOKKOS/neighbor_kokkos.cpp,9eb8702,2.0,18.0,1.0,98.0,438.0,63.0,5.0,5.0,5.0,1.0,20.0,2.0,18.0,1.0,0.0,24.0,597.0,98.0,428.0,56.0,311.0,63.0,0.0,10.0,290.0,405.0,48.0,0.0,357.0,20.0,20.0,23.0,5.0,4.0,0.15,116.0,116.0,128.0,30.0,0.0
src/KOKKOS/atom_kokkos.cpp,9eb8702,3.0,15.0,2.0,49.0,165.0,49.0,3.0,3.0,3.0,1.0,20.0,3.0,15.0,2.0,0.0,10.0,263.0,49.0,155.0,17.0,116.0,49.0,0.0,10.0,121.0,146.0,15.0,0.0,131.0,19.0,19.0,19.0,4.0,2.0,0.32,32.0,32.0,32.0,13.0,0.0
src/KOKKOS/atom_kokkos.h,9eb8702,0.0,4.0,0.0,12.0,86.0,15.0,2.0,2.0,2.0,1.0,4.0,0.0,4.0,0.0,2.0,8.0,113.0,12.0,81.0,61.0,14.0,15.0,0.0,5.0,63.0,78.0,58.0,0.0,20.0,4.0,4.0,4.0,1.0,3.0,0.19,14.0,14.0,14.0,8.0,0.0
src/KOKKOS/comm_kokkos.cpp,9eb8702,3.0,22.0,2.0,151.0,720.0,124.0,5.0,5.0,5.0,1.0,28.0,3.0,22.0,2.0,0.0,30.0,994.0,151.0,700.0,139.0,480.0,124.0,0.0,20.0,402.0,549.0,104.0,0.0,445.0,41.0,41.0,47.0,1.0,8.0,0.18,149.0,149.0,162.0,30.0,1.0
src/KOKKOS/neigh_bond_kokkos.cpp,9eb8702,4.0,29.0,2.0,192.0,994.0,99.0,7.0,7.0,10.0,2.0,35.0,4.0,29.0,2.0,0.0,32.0,1284.0,192.0,974.0,186.0,730.0,99.0,1.0,19.0,680.0,890.0,142.0,0.0,748.0,36.0,36.0,49.0,13.0,4.0,0.1,217.0,217.0,306.0,88.0,1.0
src/KOKKOS/comm_kokkos.cpp,92ae19e,3.0,22.0,2.0,151.0,722.0,124.0,5.0,5.0,5.0,1.0,28.0,3.0,22.0,2.0,0.0,30.0,996.0,151.0,702.0,139.0,482.0,124.0,0.0,20.0,404.0,552.0,104.0,0.0,448.0,41.0,41.0,47.0,1.0,8.0,0.18,150.0,150.0,163.0,30.0,0.0
src/KOKKOS/neigh_bond_kokkos.cpp,92ae19e,4.0,30.0,2.0,191.0,1006.0,100.0,7.0,7.0,10.0,2.0,35.0,4.0,30.0,2.0,0.0,32.0,1296.0,191.0,985.0,186.0,741.0,100.0,1.0,20.0,688.0,904.0,142.0,0.0,762.0,42.0,42.0,56.0,13.0,4.0,0.1,223.0,223.0,313.0,88.0,0.0
src/KOKKOS/neigh_bond_kokkos.h,92ae19e,0.0,1.0,0.0,36.0,123.0,115.0,1.0,1.0,1.0,1.0,1.0,0.0,1.0,0.0,1.0,1.0,256.0,36.0,116.0,113.0,0.0,115.0,0.0,7.0,94.0,96.0,96.0,0.0,0.0,1.0,1.0,1.0,1.0,0.0,0.99,1.0,1.0,1.0,1.0,1.0
src/KOKKOS/neigh_bond_kokkos.h,bf9517b,0.0,1.0,0.0,36.0,123.0,115.0,1.0,1.0,1.0,1.0,1.0,0.0,1.0,0.0,1.0,1.0,256.0,36.0,116.0,113.0,0.0,115.0,0.0,7.0,94.0,96.0,96.0,0.0,0.0,1.0,1.0,1.0,1.0,0.0,0.99,1.0,1.0,1.0,1.0,0.0
src/KOKKOS/neighbor_kokkos.cpp,b5c90fa,2.0,18.0,1.0,98.0,438.0,63.0,5.0,5.0,5.0,1.0,20.0,2.0,18.0,1.0,0.0,24.0,597.0,98.0,428.0,56.0,311.0,63.0,0.0,10.0,290.0,405.0,48.0,0.0,357.0,20.0,20.0,23.0,5.0,4.0,0.15,115.0,115.0,127.0,30.0,1.0
src/KOKKOS/neighbor_kokkos.cpp,8c4d592,2.0,18.0,1.0,98.0,439.0,63.0,5.0,5.0,5.0,1.0,20.0,2.0,18.0,1.0,0.0,24.0,598.0,98.0,429.0,56.0,312.0,63.0,0.0,10.0,291.0,406.0,48.0,0.0,358.0,20.0,20.0,23.0,5.0,4.0,0.15,115.0,115.0,127.0,30.0,0.0
src/KOKKOS/neighbor_kokkos.cpp,0541d52,2.0,18.0,1.0,98.0,439.0,63.0,5.0,5.0,5.0,1.0,20.0,2.0,18.0,1.0,0.0,24.0,598.0,98.0,429.0,56.0,312.0,63.0,0.0,10.0,291.0,406.0,48.0,0.0,358.0,20.0,20.0,23.0,5.0,4.0,0.15,115.0,115.0,127.0,30.0,1.0
src/KOKKOS/neighbor_kokkos.cpp,dca90d4,2.0,18.0,1.0,98.0,440.0,63.0,5.0,5.0,5.0,1.0,20.0,2.0,18.0,1.0,0.0,24.0,599.0,98.0,430.0,57.0,313.0,63.0,0.0,10.0,292.0,407.0,49.0,0.0,358.0,20.0,20.0,24.0,5.0,4.0,0.15,115.0,115.0,128.0,30.0,0.0
src/USER-LB/fix_lb_viscous.cpp,f86a9f4,2.0,8.0,0.0,36.0,83.0,27.0,2.0,2.0,2.0,1.0,10.0,2.0,8.0,0.0,0.0,9.0,146.0,36.0,72.0,22.0,38.0,27.0,0.0,11.0,36.0,58.0,22.0,0.0,36.0,7.0,7.0,8.0,1.0,2.0,0.38,20.0,20.0,21.0,9.0,1.0
src/USER-LB/fix_lb_viscous.cpp,def0d4e,2.0,8.0,0.0,36.0,83.0,27.0,2.0,2.0,2.0,1.0,10.0,2.0,8.0,0.0,0.0,9.0,146.0,36.0,72.0,22.0,38.0,27.0,0.0,11.0,36.0,58.0,22.0,0.0,36.0,7.0,7.0,8.0,1.0,2.0,0.38,20.0,20.0,21.0,9.0,0.0
src/version.h,0f877f6,0.0,0.0,0.0,0.0,1.0,0.0,0.0,0.0,0.0,0.0,0.0,0.0,0.0,0.0,0.0,0.0,1.0,0.0,0.0,0.0,0.0,0.0,0.0,1.0,0.0,0.0,0.0,0.0,0.0,0.0,0.0,0.0,0.0,0.0,0.0,0.0,0.0,0.0,0.0,1.0
src/version.h,7b091eb,0.0,0.0,0.0,0.0,1.0,0.0,0.0,0.0,0.0,0.0,0.0,0.0,0.0,0.0,0.0,0.0,1.0,0.0,0.0,0.0,0.0,0.0,0.0,1.0,0.0,0.0,0.0,0.0,0.0,0.0,0.0,0.0,0.0,0.0,0.0,0.0,0.0,0.0,0.0,0.0
src/pair.cpp,02408d3,5.0,37.0,2.0,242.0,1278.0,201.0,8.0,8.0,9.0,1.0,43.0,5.0,37.0,2.0,0.0,34.0,1721.0,242.0,1253.0,149.0,969.0,201.0,0.0,25.0,925.0,1195.0,129.0,0.0,1066.0,30.0,30.0,33.0,4.0,5.0,0.16,272.0,272.0,306.0,40.0,1.0
src/KOKKOS/compute_temp_kokkos.cpp,02408d3,3.0,18.0,0.0,25.0,113.0,16.0,3.0,3.0,3.0,1.0,21.0,3.0,18.0,0.0,0.0,5.0,153.0,25.0,99.0,25.0,68.0,16.0,1.0,13.0,67.0,84.0,16.0,0.0,68.0,4.0,4.0,4.0,1.0,2.0,0.16,16.0,16.0,16.0,5.0,1.0
src/KOKKOS/domain_kokkos.cpp,02408d3,2.0,23.0,0.0,46.0,312.0,60.0,3.0,3.0,4.0,1.0,24.0,2.0,23.0,0.0,0.0,13.0,418.0,46.0,309.0,76.0,204.0,60.0,0.0,3.0,200.0,246.0,51.0,0.0,195.0,16.0,16.0,25.0,1.0,3.0,0.19,45.0,45.0,56.0,13.0,1.0
src/KOKKOS/domain_kokkos.h,02408d3,0.0,1.0,0.0,14.0,36.0,15.0,1.0,1.0,1.0,1.0,1.0,0.0,1.0,0.0,1.0,1.0,65.0,14.0,31.0,28.0,0.0,15.0,0.0,5.0,21.0,23.0,23.0,0.0,0.0,1.0,1.0,1.0,1.0,0.0,0.48,1.0,1.0,1.0,1.0,1.0
src/KOKKOS/atom_kokkos.cpp,02408d3,3.0,15.0,2.0,49.0,165.0,49.0,3.0,3.0,3.0,1.0,20.0,3.0,15.0,2.0,0.0,10.0,263.0,49.0,155.0,17.0,116.0,49.0,0.0,10.0,121.0,146.0,15.0,0.0,131.0,13.0,13.0,13.0,4.0,2.0,0.32,26.0,26.0,26.0,13.0,1.0
src/pair.cpp,384aef4,5.0,37.0,2.0,244.0,1278.0,201.0,8.0,8.0,9.0,1.0,43.0,5.0,37.0,2.0,0.0,34.0,1723.0,244.0,1253.0,149.0,969.0,201.0,0.0,25.0,925.0,1195.0,129.0,0.0,1066.0,30.0,30.0,33.0,4.0,5.0,0.16,272.0,272.0,306.0,40.0,0.0
src/KOKKOS/compute_temp_kokkos.cpp,384aef4,3.0,18.0,0.0,26.0,114.0,16.0,3.0,3.0,3.0,1.0,21.0,3.0,18.0,0.0,0.0,5.0,155.0,26.0,100.0,25.0,69.0,16.0,1.0,13.0,68.0,85.0,16.0,0.0,69.0,4.0,4.0,4.0,1.0,2.0,0.16,16.0,16.0,16.0,5.0,0.0
src/KOKKOS/domain_kokkos.cpp,384aef4,2.0,23.0,1.0,75.0,441.0,86.0,5.0,5.0,6.0,1.0,26.0,2.0,23.0,1.0,0.0,18.0,602.0,75.0,433.0,99.0,289.0,86.0,0.0,8.0,292.0,384.0,67.0,0.0,317.0,42.0,42.0,44.0,1.0,4.0,0.2,91.0,91.0,104.0,18.0,0.0
src/KOKKOS/domain_kokkos.h,384aef4,0.0,1.0,0.0,14.0,37.0,15.0,1.0,1.0,1.0,1.0,1.0,0.0,1.0,0.0,1.0,1.0,66.0,14.0,32.0,29.0,0.0,15.0,0.0,5.0,22.0,24.0,24.0,0.0,0.0,1.0,1.0,1.0,1.0,0.0,0.47,1.0,1.0,1.0,1.0,0.0
src/KOKKOS/atom_kokkos.cpp,384aef4,3.0,16.0,2.0,49.0,166.0,49.0,3.0,3.0,3.0,1.0,21.0,3.0,16.0,2.0,0.0,10.0,264.0,49.0,156.0,17.0,117.0,49.0,0.0,10.0,122.0,147.0,15.0,0.0,132.0,13.0,13.0,13.0,4.0,2.0,0.31,26.0,26.0,26.0,13.0,0.0
src/KOKKOS/modify_kokkos.cpp,384aef4,0.0,11.0,0.0,74.0,395.0,116.0,2.0,2.0,2.0,1.0,12.0,0.0,11.0,0.0,0.0,34.0,585.0,74.0,389.0,82.0,245.0,116.0,0.0,6.0,215.0,298.0,82.0,0.0,216.0,6.0,6.0,6.0,1.0,2.0,0.3,82.0,82.0,82.0,34.0,1.0
src/KOKKOS/modify_kokkos.cpp,da41fcb,0.0,11.0,0.0,74.0,395.0,116.0,2.0,2.0,2.0,1.0,12.0,0.0,11.0,0.0,0.0,34.0,585.0,74.0,389.0,82.0,245.0,116.0,0.0,6.0,215.0,298.0,82.0,0.0,216.0,6.0,6.0,6.0,1.0,2.0,0.3,82.0,82.0,82.0,34.0,0.0
src/KOKKOS/atom_vec_full_kokkos.cpp,ea12e28,2.0,28.0,0.0,222.0,1999.0,103.0,5.0,5.0,5.0,1.0,30.0,2.0,28.0,0.0,0.0,64.0,2324.0,222.0,1988.0,555.0,1278.0,103.0,0.0,11.0,1374.0,1660.0,308.0,0.0,1352.0,32.0,32.0,32.0,1.0,4.0,0.05,291.0,291.0,294.0,64.0,1.0
src/KOKKOS/atom_vec_full_kokkos.cpp,b6be862,2.0,29.0,0.0,222.0,2011.0,103.0,5.0,5.0,5.0,1.0,30.0,2.0,29.0,0.0,0.0,64.0,2336.0,222.0,2000.0,567.0,1278.0,103.0,0.0,11.0,1374.0,1660.0,308.0,0.0,1352.0,32.0,32.0,32.0,1.0,4.0,0.05,291.0,291.0,294.0,64.0,0.0
src/KOKKOS/dihedral_opls_kokkos.h,b6be862,0.0,0.0,0.0,24.0,61.0,21.0,0.0,0.0,0.0,0.0,0.0,0.0,0.0,0.0,1.0,0.0,106.0,22.0,50.0,47.0,0.0,21.0,5.0,8.0,34.0,35.0,35.0,0.0,0.0,0.0,0.0,0.0,0.0,0.0,0.42,0.0,0.0,0.0,0.0,1.0
src/KOKKOS/dihedral_opls_kokkos.h,e2117af,0.0,0.0,0.0,24.0,61.0,21.0,0.0,0.0,0.0,0.0,0.0,0.0,0.0,0.0,1.0,0.0,106.0,22.0,50.0,47.0,0.0,21.0,5.0,8.0,34.0,35.0,35.0,0.0,0.0,0.0,0.0,0.0,0.0,0.0,0.42,0.0,0.0,0.0,0.0,0.0
src/KOKKOS/kokkos.cpp,7a5587d,5.0,39.0,1.0,38.0,208.0,30.0,12.0,12.0,14.0,1.0,46.0,5.0,34.0,1.0,0.0,5.0,276.0,37.0,173.0,24.0,145.0,30.0,14.0,24.0,120.0,178.0,23.0,0.0,155.0,32.0,32.0,34.0,3.0,4.0,0.17,59.0,59.0,68.0,7.0,1.0
src/KOKKOS/kokkos.cpp,707dee6,5.0,39.0,1.0,38.0,208.0,30.0,12.0,12.0,14.0,1.0,46.0,5.0,34.0,1.0,0.0,5.0,276.0,37.0,173.0,24.0,145.0,30.0,14.0,24.0,120.0,178.0,23.0,0.0,155.0,32.0,32.0,34.0,3.0,4.0,0.17,59.0,59.0,68.0,7.0,0.0
