hash,time,ns,nd,nf,entrophy,la,ld,lt,ndev,age,nuc,exp,rexp,sexp,keyword_buggy_fixes,fastread_buggy_fixes,human_buggy_fixes
abf05eed6171da7d93b7d81f5224b7827424a946,2016-09-16 10:31:52,2,3,158,6.305026127161923,366,453,1006.8544303797468,11,0.036390207454289725,3399,2783.5,27.25878161571497,329,0,0,0
6fd60f50ad7d42daf18d1ec2a675090c7aa378d5,2016-09-16 16:20:06,1,1,252,6.568307754677268,1347,688,253.6984126984127,11,1.9934103101117115,1283,94983.5,1.0160316874540571,38013,0,0,0
7d77aea42d3050b25a432d842c085f6453013160,2016-09-16 16:24:05,1,1,541,8.903415299135842,121763,3366,796.4417744916819,11,2.0006482551174174,6598,95380.0,1.0063487148389878,38554,0,0,0
5336ec07357c8883caa2fb6d77486b8458889c0e,2016-09-16 16:26:52,1,2,3,1.454596717071453,95,7,597.3333333333334,11,2.002847222222222,33,95652.0,1.3051211816511217,38557,0,0,0
ed532358ad999b8972589521e8ae7ade5365b632,2016-09-16 16:29:55,1,2,153,6.262956197362236,372,430,1014.1503267973856,11,1.0256685729847494,2135,95730.0,1.9086645733752652,38710,0,0,0
719d7c65b6a0406194f3924d47d5f4f4030c2869,2016-09-16 18:52:59,1,1,5,1.6475680263594656,85,39,232.2,8,3.721606481481481,99,661.0,1.5522395656798451,63,0,0,0
484122b8b610c57cafb1bafebd13ee9139a41fc4,2016-09-16 19:21:34,3,7,9,1.3834206636185946,233,295,873.8888888888888,11,1.178442644032922,228,95811.0,1.3326935172984038,32601,1,0,1
aa9fe38c5c97bb2531f79410cf92a43125cabffe,2016-09-17 09:50:49,3,3,3,1.3921472236645345,5,4,11.666666666666664,6,69.7586149691358,4,2049.0,1.0190648711457169,1565,0,0,0
900c83960e6f7c91a5af81e4ae8ad16222ee87fd,2016-09-18 00:06:34,1,1,1,0.0,4,3,768.0,6,9.145173611111113,39,95816.0,1.1093472953629913,32602,0,0,0
faa0b401aa91108ebddbb0804168eb05339181a3,2016-09-19 23:19:14,1,1,1,0.0,9,9,477.0,11,6.1775115740740745,50,2051.0,1.1618774789830946,372,0,0,0
849ff25d9206d6756f0b612dc73ad7378aa32278,2016-09-20 08:57:04,1,1,1,0.0,1,1,789.0,5,53.96208333333333,101,2052.0,1.0185315306272151,373,0,0,0
7bb880f0a843c3e30d5a3a44e0c5af987dfb507b,2016-09-20 09:05:39,1,1,2,1.0,0,6,1764.5,11,3.8567939814814816,63,2053.5,1.1944620333886509,375,0,0,0
b9b044e180df898fe996276bc663217a1d088f8b,2016-09-20 10:44:12,3,8,351,5.89719856409474,857,1844,902.022792022792,11,0.024972004590060052,5623,3038.0,2.4847754171587804,338,0,0,0
5c37fccf49c224ba141db297cdd46580616bca0e,2016-09-20 12:10:58,2,4,5,1.5143890145619978,29,19,477.0,11,0.014115740740740741,99,3216.0,19.54349734329397,341,0,0,0
558303072d04bd7ec1d42156a423ddb07feeb2aa,2016-09-20 14:52:43,1,1,4,1.37088490928384,10,16,1197.25,11,0.17765046296296294,218,95818.5,7.172684234515451,32606,0,0,0
558303072d04bd7ec1d42156a423ddb07feeb2aa,2016-09-20 14:52:43,1,1,4,1.37088490928384,10,16,1197.25,11,0.17765046296296294,218,95818.5,7.172684234515451,32606,0,0,0
558303072d04bd7ec1d42156a423ddb07feeb2aa,2016-09-20 14:52:43,1,1,4,1.37088490928384,10,16,1197.25,11,0.17765046296296294,218,95818.5,7.172684234515451,32606,0,0,0
558303072d04bd7ec1d42156a423ddb07feeb2aa,2016-09-20 14:52:43,1,1,4,1.37088490928384,10,16,1197.25,11,0.17765046296296294,218,95818.5,7.172684234515451,32606,0,0,0
3a73a1476e2b3109b3f7f9864387189f5137a653,2016-09-20 15:06:39,1,3,7,2.75,8,0,149.85714285714286,9,214.05593253968254,50,2058.0,1.001810162659386,382,0,0,0
8b80d0cf9a8f58b3a7969d5382f981a41c65b87b,2016-09-20 16:09:43,1,1,8,1.9941979649185144,0,38,4.75,5,133.78149305555556,24,95824.5,1.00253945545903,38718,0,0,0
df0ed58bbdcc8a7c836f3de6b57e57ee80907a19,2016-09-20 16:12:56,1,1,4,0.0,1,1,2.75,5,133.78372685185184,12,95830.5,1.003893099299813,38722,0,0,0
b4e28767760ed562ead0733186d844a48395b989,2016-09-20 16:13:14,1,1,1,0.0,1,1,73.0,8,3.8890625,22,664.0,1.2571313780634794,64,0,0,0
af4a42345fccd202634a6ea471b9900a880d4ba1,2016-09-20 16:14:15,1,3,8,1.5838185107057627,141,771,211.5,11,84.8605107060185,32,95836.5,1.0027313257332615,38730,0,0,0
f4263e3849ecae051fb326b6f1081558fea035e4,2016-09-20 16:16:36,1,1,1,0.0,20,6,879.0,11,4.038217592592591,36,665.0,1.2476340061105984,10,0,0,0
4f941abdfd2a2be852c91e14c4e943a0951505c6,2016-09-20 16:19:25,1,3,318,7.1557931737228655,597,612,981.880503144654,11,5.2217456469834955,3938,95999.5,1.0025748641370873,39048,0,0,0
ed9f13663bacdd7074c11ccf82afcf1212aed031,2016-09-20 16:20:28,1,1,4,1.5879127530964985,52,304,181.25,9,11.899548611111115,28,96160.5,1.043769167247824,32610,1,1,1
f81f0da7341d9d6fccbcb22e78b494ab2dd82ce4,2016-09-20 16:20:45,1,1,1,0.0,0,1,69.0,7,23.714918981481482,34,96163.0,1.0421675486549578,32611,0,0,0
ce3676677ef2dddc7ed08bbddb6eda55d1996b0c,2016-09-20 16:21:39,1,1,2,0.985623355551392,40,109,64.0,1,1050.8103935185186,2,96164.5,1.0007137348513355,4527,0,0,0
f1d3637b0387fba74590616bc0e882763d4cd9e9,2016-09-20 16:26:57,1,1,2,0.4854607607459134,18,1,511.5,5,325.8492013888889,68,96166.5,1.0023016781897982,32613,0,0,0
f86bd1fcebcbb60b5aa5ce1afb8430a32044a269,2016-09-20 16:35:30,1,1,1,0.0,1,1,1.0,11,4.002523148148148,992,96168.0,1.2498424026511057,32614,0,0,0
8944d48bd1175ccb3e656fc5069483aca55a39a7,2016-09-20 16:36:15,1,2,2,0.9182958340544896,3,3,452.0,11,4.003043981481482,103,96169.5,1.1873574218693528,39050,0,0,0
c6ee5065ed203e54844e71db2417bb850be2ecd5,2016-09-20 16:45:30,1,1,1,0.0,1,1,139.0,11,0.16756944444444444,27,2062.0,6.967675093244924,383,0,0,0
281ace327fb1145db720b92113452e715c9fe9e3,2016-09-20 16:46:05,1,1,1,0.0,3,1,918.0,11,0.16797453703703705,45,2063.0,6.953283263281197,384,0,0,0
10034ce336d057363b3bac44aa3da6eaa8eb3dae,2016-09-20 16:46:54,1,2,2,1.0,9,5,329.0,5,326.02972222222223,21,2064.5,1.0023004037634604,386,0,0,0
9ef748bbaaa9fa2528e87edf186df5c2872affef,2016-09-20 16:46:59,1,14,969,8.951062637875703,0,344508,243.76160990712074,11,0.0053124999999999475,9522,3703.0,2.447992945336245,3600,0,0,0
259177630a792790f4804c135d7eb548a5e5de6b,2016-09-20 16:47:04,1,1,1,0.0,1,1,215.0,11,0.10840277777777778,45,2066.0,10.224855861627162,387,0,0,0
fe73c3e4e31b6ac9b8449e9330795f9665e85cfc,2016-09-20 17:25:49,1,2,2,0.699772221773307,21,16,752.5,11,3.0554108796296298,15,96171.5,18.382582969064273,39052,0,0,0
26b9b955a96f967087c856a9faca5adf57fb836a,2016-09-20 18:04:18,1,1,1,0.0,6,3,209.0,6,21.76039351851852,43,96173.0,1.045955051279242,32615,0,0,0
3eee5849565bc25541ab592608ee146c5545065a,2016-09-20 18:08:38,1,1,2,1.0,2,0,330.5,5,325.9198148148148,36,96174.5,1.002301179510752,32617,0,0,0
0d7e4f1e88276f0cc52e22decf789f0e8906bb63,2016-09-20 18:51:50,1,1,1,0.0,5,3,163.0,11,4.272037037037037,6,2067.0,1.2340803675928735,1566,0,0,0
9bedb8a1c9cfc906ed339451c36b46c74bf5a639,2016-09-20 18:54:51,1,1,1,0.0,1,1,1.0,6,24.020717592592593,2,2068.0,1.0416307296459943,1567,0,0,0
5345efb5b87f721e14cfde495efe3e25c97eda29,2016-09-20 18:57:01,1,1,1,0.0,1,1,160.0,11,0.25890046296296304,6,2069.0,4.862488265009612,1568,0,0,0
33d9a55d358f2fd23c5fe683dbd021c6ea04837d,2016-09-20 19:01:58,1,2,2,1.0,0,2,547.0,11,8.195590277777779,12,2070.5,1.0717852200832838,1570,0,0,0
2943dd5c12d6fa3795159d6d237e019ee6c04921,2016-09-20 19:02:13,1,1,1,0.0,1,1,160.0,11,0.003611111111111111,7,2072.0,277.92307692307696,1571,0,0,0
90ff54c44fa3dfe4702573ec02384636dcc8a9f1,2016-09-20 19:09:33,1,1,1,0.0,317,231,682.0,8,4.01150462962963,38,666.0,1.249283022787469,65,0,0,0
f8c8434c44d4d042a92616083ecbcf7f875296c3,2016-09-20 22:39:20,1,14,969,8.951016857505103,0,344506,599.2889576883384,11,58.62815422782256,8553,96660.0,1.000113114083352,40021,0,0,0
b27179bbef554108d4b0ae15c8b887ed372b2c3c,2016-09-21 07:27:37,2,2,3,0.3274449191544763,54,46,180.0,11,0.780150462962963,22,2074.0,1.7833246791781026,389,0,0,0
68d6f105d01872901b92c4dc07db2c90db59f48c,2016-09-21 07:28:27,1,1,1,0.0,3,0,447.0,9,13.656585648148148,14,2076.0,1.073224744878717,390,0,0,0
f1183cb97c19248844db791bafdf595d905b2551,2016-09-21 11:28:15,1,1,4,0.0,1,0,0.0,2,45.51489583333333,3,668.5,0.7575524725192988,14,0,0,0
a4c8c9b1f9735331eb6682d317b9e433fba42911,2016-09-21 11:35:00,1,1,3,1.2983180524693525,229,1216,667.0,11,42.075030864197544,5,672.0,1.0765598777091248,17,0,0,0
d3406df6a0ca6871402c4cf02411fcf5a51d5b1e,2016-09-21 12:07:24,1,1,3,1.5,9,7,338.0,11,0.022500000000000003,8,675.0,28.160493827160487,20,0,0,0
71f7dde12acb1e573db69a12912057c2bd1d3069,2016-09-21 15:26:31,1,1,1,0.0,4,2,1246.0,6,22.650821759259262,44,97145.0,1.0441485086337416,32618,0,0,0
72c5792230bfc5d21cd8d43f6b42d60c274db159,2016-09-21 15:40:42,1,1,1,0.0,2,1,2340.0,6,22.660671296296297,72,97146.0,1.0441293193358947,32619,0,0,0
0bcd90195d55a14c912b87d6a30bcf7e69d7b7a0,2016-09-21 20:38:57,1,2,4,0.9999930858277872,249,74,205.5,11,49.64460358796296,93,97148.5,1.005729839500402,40025,0,0,0
d7c6f57fe4d8be5dbecca957393e921834c6f35c,2016-09-21 20:50:23,1,2,2,0.5665095065529053,9,6,44.5,8,10.394050925925926,7,97151.5,1.0481044400843609,40027,0,0,0
b3217218d67bfc3d3e64dfb153766b77f5420a74,2016-09-21 20:54:20,2,4,10,2.082766982036519,113,68,418.6,11,0.21541319444444448,1265,4192.5,2.266491500919376,344,0,0,0
03c5ce601bab7852bcf9b423634c6df38332014a,2016-09-21 21:22:32,1,1,1,0.0,34,8,94.0,8,0.022326388888888892,8,97153.0,45.7900466562986,40028,0,0,0
e7fb82a645bc57ee1b173a21004d38bb5e7e7943,2016-09-21 21:22:57,1,1,2,0.998231441895705,53,48,32.0,8,10.5196875,5,97154.5,0.5237649645010842,40030,0,0,0
c382759406cdfd16d9855215ff319108298ffa2d,2016-09-21 21:25:55,1,1,1,0.0,622,0,0.0,1,0.0,0,97156.0,0.0,40031,0,0,0
a1364adce1bba78ddaa7a13627e02516fb64ad30,2016-09-21 21:26:00,1,2,2,0.07782266923308924,3,625,60.0,8,0.0012037037037037038,9,97157.5,416.3846153846154,40033,0,0,0
fc434b36b308a8e54d23ecfd4e9da13625d75d4e,2016-09-21 21:29:19,1,1,1,0.0,3,3,120.0,8,0.002303240740740741,10,97159.0,435.1708542713568,40034,0,0,0
0329aaaf7228105f4793c867fd07cf03d258132d,2016-09-21 22:14:06,1,1,1,0.0,9,1,120.0,8,0.031099537037037037,11,97160.0,33.15481950130257,40035,0,0,0
ca5ad04b019d88df14ff62729b5be809c6e8b8a7,2016-09-21 22:15:17,1,1,2,0.9999930858277872,74,249,498.5,11,0.06689814814814815,22,97161.5,12.211072664359861,40037,0,0,0
26e16ed9681d78749a19a17e3e8d24d975fbf885,2016-09-21 22:31:45,1,1,1,0.0,1,1,1.0,11,1.2413541666666668,994,97163.0,1.8055718721154648,32620,0,0,0
6dd4480482cf71af00555fed53126f2458e45def,2016-09-21 22:31:49,1,2,2,0.9709505944546686,5,5,263.5,11,0.6268518518518519,66,97164.5,42.038517281293295,40039,0,0,0
32872a7b35f053f2682118819a5937c3240de31a,2016-09-22 02:22:05,1,1,1,0.0,1,1,1.0,11,0.1599537037037037,995,97166.0,7.251808972503617,32621,0,0,0
d0bbf3fb9785e19b41a6818ff1db456b44838f2e,2016-09-22 02:22:08,1,1,1,0.0,2,2,399.0,11,0.15994212962962964,55,97167.0,7.252261379260437,40040,0,0,0
2bf6688388f942db623910b21d313ad5b3f79d15,2016-09-22 06:03:49,1,1,1,0.0,1,1,310.0,6,23.426724537037035,56,2077.0,1.0426862918210793,391,0,0,0
c22df8db570d1da93a5538ff6572a8c277f1a273,2016-09-22 14:05:57,1,1,2,0.4798320236161285,31,27,215.0,11,10.765081018518519,9,97168.5,1.0552099421618657,40042,0,0,0
32cec47ffb36bb9a71e5b45a7567351569387e75,2016-09-22 15:45:27,1,1,1,0.0,1,1,1.0,11,0.5354976851851851,997,97170.0,2.867421704454579,32622,0,0,0
31e41707e0f98369b2d8dfc1837f53a341947b53,2016-09-22 15:46:03,1,1,1,0.0,2,2,399.0,11,0.5359143518518519,57,97171.0,2.865969807571864,40043,0,0,0
08d9792ec8547739267fb2641fa823af470d5c31,2016-09-22 21:46:45,1,1,1,0.0,7,2,92.0,5,136.35008101851852,1,2078.0,1.0073340623821423,1572,0,0,0
c6cebe66c75d261521236ee0c99cd1afb9467287,2016-09-22 22:26:17,1,1,12,1.9690771635577624,95,97,683.4166666666666,11,45.39062499999999,94,2084.5,1.0053078525685075,1584,0,0,0
e18941e865b87640541fe9c3efeb8a1e78800699,2016-09-22 23:41:53,1,1,1,0.0,0,1,1850.0,11,0.0525,15,2091.0,20.047619047619047,1585,0,0,0
3785249033305cbcd2cc6ff4549be40b806c6897,2016-09-22 23:52:52,1,1,5,2.128085278891395,7,7,633.0,11,55.89533333333334,44,2094.0,6.021823607504947,1590,0,0,0
065d35eefa4573ae1e73fbd042162c7d8831a865,2016-09-22 23:53:19,1,1,1,0.0,11,25,511.0,11,0.060439814814814814,12,2097.0,17.54538490999617,1591,0,0,0
3d5f5bf40e585b1037b93d13d34d4fdb8eb620e3,2016-09-23 10:25:10,1,1,2,0.8112781244591328,4,4,567.0,11,1.6712731481481482,22,2098.5,2.2882865435553508,1593,0,0,0
23781d6ec9a65a5ab1ea7c341f13629b33f8d20c,2016-09-23 10:37:21,1,1,2,0.699772221773307,34,3,408.0,8,24.78512152777777,13,0.5,0.5100866965578448,1,1,0,0
08f0bf90253e8a3e7904e909f3187c407a92a00f,2016-09-23 14:37:53,3,3,28,4.373624280257031,1839,227,121.67857142857143,11,24.84115451388889,201,4211.5,1.1230196878254095,360,0,0,0
6f4b7268ded6892da610539d9bbe51c052cee723,2016-09-23 14:52:45,2,2,6,1.5752495047653194,51,30,449.66666666666674,11,0.8881674382716049,1100,4228.5,1.362304483283333,363,0,0,0
2a30b76277778e4140c394e6c76c1597cbe5371b,2016-09-23 16:49:40,1,1,2,0.3227569588973983,17,0,923.5,6,122.88300347222223,31,97172.5,1.0222703535900282,32624,0,0,0
3ce178d43f9d9e9265129cd454726ab613aefbdb,2016-09-23 18:12:47,1,1,1,0.0,3,4,685.0,8,0.31627314814814816,10,2.0,4.161823903974237,2,0,0,0
e96ebb29bc5915fa03c426ea433ae1b5278e06b1,2016-09-23 18:57:16,1,1,1,0.0,4,4,684.0,8,0.030891203703703705,11,3.0,33.37167478456351,3,0,0,0
f718c544300eed8aa73b8f562c38ccbf8338de8c,2016-09-23 21:04:56,3,9,39,2.7664769140627605,598,409,399.05128205128204,11,2.2692524335232673,552,97193.0,1.1246954373080682,32642,1,1,1
8662662afe697539019aa9ffc837870d1c53e383,2016-09-23 21:14:00,1,2,3,0.507898444035759,57,46,314.6666666666667,11,2.40701774691358,36,97214.0,1.2539122225458383,32645,0,0,0
8662662afe697539019aa9ffc837870d1c53e383,2016-09-23 21:14:00,1,2,3,0.507898444035759,57,46,314.6666666666667,11,2.40701774691358,36,97214.0,1.2539122225458383,32645,0,0,0
8662662afe697539019aa9ffc837870d1c53e383,2016-09-23 21:14:00,1,2,3,0.507898444035759,57,46,314.6666666666667,11,2.40701774691358,36,97214.0,1.2539122225458383,32645,0,0,0
8662662afe697539019aa9ffc837870d1c53e383,2016-09-23 21:14:00,1,2,3,0.507898444035759,57,46,314.6666666666667,11,2.40701774691358,36,97214.0,1.2539122225458383,32645,0,0,0
c2cd4399441254abac3c940fe10d2809eead7de3,2016-09-23 22:24:27,1,1,1,0.0,18,0,421.0,11,-12.60855324074074,6,4.0,0.9206887593757545,0,0,0,0
756cac0f60f01aaf3dbe75dd4ebf1cc80736ede2,2016-09-23 22:59:35,1,2,6,1.7542640370351992,1839,0,29.16666666666667,5,8.220883487654321,53,97218.5,1.0202735711942588,4533,0,0,0
8a6e5ed3ced42d926c40f68dea3dccc6a3297cc5,2016-09-23 22:59:43,1,1,2,0.3284784821507746,1124,104,801.5,5,1875.252766203704,5,97222.5,1.0002703343037016,12808,0,0,0
da480bd4d4ebb45a418c09e74ae93ca5e31b9594,2016-09-23 23:00:00,1,1,2,0.41141144658263984,1561,0,0.0,1,0.0,0,97224.5,0.0,32647,1,1,1
24ff008a0f14cc5f77c152a8ca6e7dd9bb535d51,2016-09-23 23:06:44,1,1,2,0.5435644431995964,5,3,850.5,11,5.274016203703703,30,97226.5,1.2005111680642957,40065,0,0,0
50d59454d239182eb45d4b2a6dd646f644d8b07a,2016-09-23 23:06:49,1,1,1,0.0,132,0,0.0,1,0.0,0,97228.0,0.0,40066,0,0,0
b97b9dd66188ca2bc17ca08a970ac7e26a1219e1,2016-09-26 08:40:53,4,6,15,2.628903410805072,4664,110,562.2,11,2.2989189814814823,1161,4239.0,83.3679957213955,1,0,0,0
7453a4f55f21a1dc02fbbdc93e4f11e450afd401,2016-09-26 14:39:40,1,1,1,0.0,1,1,1.0,11,2.740914351851852,999,97229.0,1.3648417541118594,32648,0,0,0
5769c1018967e92756c621903cced6b80d585ac8,2016-09-26 14:39:43,1,1,1,0.0,2,2,399.0,11,2.740949074074074,59,97230.0,1.3648371323125776,40067,0,0,0
fb64ae612f94f45dad242d8e4ce1498376fe488a,2016-09-26 16:23:53,1,1,1,0.0,46,3,106.0,11,4.5621875,2,97231.0,1.2191930954174943,40068,0,0,0
d0aa13b5431c58db04c1a58213c69f12e1e65fcb,2016-09-26 16:53:18,1,1,1,0.0,1,1,1848.0,11,2.9919212962962964,17,677.0,1.3342333908441717,590,0,0,0
67d4c07689a357476ef0b3ebd621c2d14237636b,2016-09-26 16:56:24,1,2,2,0.9957274520849256,12,1,561.5,11,10.187175925925926,29,679.5,1.073621973886922,593,0,0,0
2c5f6e1a993be44dd40cc6013334bcf6cfc37d8a,2016-09-26 18:13:18,1,1,1,0.0,1,1,1848.0,11,0.05555555555555555,18,2100.0,19.0,1594,0,0,0
7732548b3c0feee7b8c16209920c65962b9d81bd,2016-09-26 18:14:32,1,1,3,0.7345299214394703,8,6,450.66666666666674,11,2.7990432098765434,9,2102.0,2.1968875351823067,1597,0,0,0
7732548b3c0feee7b8c16209920c65962b9d81bd,2016-09-26 18:14:32,1,1,3,0.7345299214394703,8,6,450.66666666666674,11,2.7990432098765434,9,2102.0,2.1968875351823067,1597,0,0,0
7732548b3c0feee7b8c16209920c65962b9d81bd,2016-09-26 18:14:32,1,1,3,0.7345299214394703,8,6,450.66666666666674,11,2.7990432098765434,9,2102.0,2.1968875351823067,1597,0,0,0
7732548b3c0feee7b8c16209920c65962b9d81bd,2016-09-26 18:14:32,1,1,3,0.7345299214394703,8,6,450.66666666666674,11,2.7990432098765434,9,2102.0,2.1968875351823067,1597,0,0,0
2af5c75f42694ab08768c1fee42f43c4d84b8520,2016-09-26 18:32:01,1,1,1,0.0,0,5,93.0,11,3.07925925925926,20,2104.0,1.3247534279528506,392,0,0,0
69a8842ecb816c0a9454c90e2c448ca1f8848715,2016-09-26 18:33:50,1,1,2,0.9609615820704238,81,109,498.5,11,3.0805208333333334,26,2105.5,1.243465323098773,1599,0,0,0
8a951f9d79837c1e9cba39b1d22d022acc6dc1ea,2016-09-26 18:43:03,1,1,1,0.0,1,1,534.0,11,0.006400462962962964,14,2107.0,157.2386980108499,1600,0,0,0
877a5049332efe337690d4974278ddcf67ce1ea5,2016-09-26 18:44:25,1,1,1,0.0,1,1,2831.0,11,10.266886574074077,21,678.0,1.0974005111272191,591,0,0,0
a3277117e250513bb48c49a72cce74a739763fe2,2016-09-26 18:47:21,1,1,2,0.26676498780302604,22,0,290.5,11,70.15127314814815,17,681.5,1.007129412526769,595,0,0,0
53eac4431d50ac48d93777a96a0981531c2c9efd,2016-09-26 23:32:16,1,1,1,0.0,3,3,99.0,5,332.1445601851852,36,97232.0,1.0030107372507997,32649,0,0,0
f280bd32a6698e360826a5861433a49e939029c0,2016-09-26 23:34:26,1,1,1,0.0,1,1,616.0,5,164.30976851851852,35,97233.0,1.0060860654178774,32650,0,0,0
f9677e6d7b71b8fb5ba69e1302e38f80fdee167c,2016-09-27 10:52:27,3,3,16,3.6627647708056057,2633,124,336.25,11,0.2965502025462963,109,4254.5,55.49870234143446,367,0,0,0
063307c71ca4bd143c24f0fe82b5dd8ee478cbbb,2016-09-27 15:05:29,1,1,21,4.0212769746683374,2998,0,22.57142857142857,11,1.615357142857143,9,97244.0,1.0525858512024455,4554,0,0,0
2b88050a1feb73b6e1222491c53d6157fe75dcbf,2016-09-27 15:06:14,1,1,6,2.440543233967483,0,1902,317.0,1,224.87503472222213,6,97257.5,1.0018158233253314,4560,0,0,0
b68e9547617ce50110dc6a5d76cc7c0799f21123,2016-09-27 15:06:58,1,1,4,1.5625405767998757,279,110,428.5,11,5.817844328703704,41,97262.5,1.579005575621185,40072,0,0,0
43633180ebe32937e46b93da3a7087c55597d6fa,2016-09-27 15:08:34,1,1,4,1.028643906419761,371,153,532.75,11,3.001493055555556,148,97266.5,1.142354637335206,32654,1,0,0
43633180ebe32937e46b93da3a7087c55597d6fa,2016-09-27 15:08:34,1,1,4,1.028643906419761,371,153,532.75,11,3.001493055555556,148,97266.5,1.142354637335206,32654,1,0,0
43633180ebe32937e46b93da3a7087c55597d6fa,2016-09-27 15:08:34,1,1,4,1.028643906419761,371,153,532.75,11,3.001493055555556,148,97266.5,1.142354637335206,32654,1,0,0
43633180ebe32937e46b93da3a7087c55597d6fa,2016-09-27 15:08:34,1,1,4,1.028643906419761,371,153,532.75,11,3.001493055555556,148,97266.5,1.142354637335206,32654,1,0,0
9a2f7386731e356bc8e7d6a9edb22caf025499c6,2016-09-27 15:32:57,3,5,13,2.760031583722964,90,1947,153.76923076923075,11,0.3103979700854701,1170,4269.0,1.5004460046784849,370,0,0,0
35705217f4bb2c88c1f9f0b8ae0b17d5e078387a,2016-09-27 15:34:08,3,5,21,2.313875464889142,3204,89,246.7142857142857,11,0.01324074074074074,1178,4286.0,113.80706160473343,374,0,0,0
35705217f4bb2c88c1f9f0b8ae0b17d5e078387a,2016-09-27 15:34:08,3,5,21,2.313875464889142,3204,89,246.7142857142857,11,0.01324074074074074,1178,4286.0,113.80706160473343,374,0,0,0
35705217f4bb2c88c1f9f0b8ae0b17d5e078387a,2016-09-27 15:34:08,3,5,21,2.313875464889142,3204,89,246.7142857142857,11,0.01324074074074074,1178,4286.0,113.80706160473343,374,0,0,0
35705217f4bb2c88c1f9f0b8ae0b17d5e078387a,2016-09-27 15:34:08,3,5,21,2.313875464889142,3204,89,246.7142857142857,11,0.01324074074074074,1178,4286.0,113.80706160473343,374,0,0,0
995ecea5ed413d6d41d8b6b83edd3325cf340e2c,2016-09-27 16:02:08,1,1,12,3.451518728132739,707,0,114.16666666666669,11,3.808506944444445,46,97274.5,1.067900858163884,32666,1,0,0
b66039b8bbcab21014658dd503b420a4c5e88c9f,2016-09-27 16:43:18,1,1,1,0.0,2,1,1675.0,11,0.06578703703703702,62,97281.0,16.200562983814216,32667,0,0,0
d1b8ffd9240946ef374ab54e5cd6a29d5b4a1a3e,2016-09-27 16:49:48,1,1,1,0.0,1,1,1.0,11,1.089525462962963,1001,97282.0,1.9178307749508685,32668,0,0,0
2ae966c26f781fc016d7eb1067a6a5a8178f3383,2016-09-27 16:49:51,1,1,3,1.5419822842863982,10,8,511.66666666666674,11,0.41081790123456796,92,97284.0,1.8635041069107616,40075,0,0,0
e1c6b6b7d1539112d19b904ec07e21908943f267,2016-09-27 17:01:45,1,1,1,0.0,15,13,2358.0,11,11.06957175925926,46,2108.0,1.090337731372809,393,0,0,0
f9c2049724743920a3e3ae80897ef2626e25865b,2016-09-27 17:12:17,1,1,1,0.0,2,0,1017.0,2,22.103009259259263,5,2109.0,1.0452427082787872,394,0,0,0
3333e4b475628fd3d65ee8da19aa02e52ae4ee3c,2016-09-27 17:21:42,1,1,1,0.0,3,3,17.0,4,370.7017939814815,3,1298.0,1.0026975860819545,207,0,0,0
1adf3858a9bf21d0c063b2840d5947e4a1f191ee,2016-09-27 17:36:02,1,1,1,0.0,4,7,208.0,6,28.907430555555557,31,2110.0,1.0345931817799634,395,0,0,0
8c1d0031c99990461f308c7568bf266a0f758ee6,2016-09-27 18:20:06,1,1,1,0.0,10,10,2360.0,11,0.05440972222222222,47,2111.0,19.37906828334397,396,0,0,0
56b0856e2feb55185cc7b1d8a870979d3e2fa318,2016-09-27 21:16:33,1,1,3,0.4585457411141698,336,46,333.0,5,347.04206404320985,59,97287.0,1.001641460339058,32671,0,0,0
6fedf8d89965ec757c306906fb8964aceb3cc003,2016-09-27 21:18:32,1,1,1,0.0,0,9,423.0,11,0.2580324074074074,8,97289.0,4.875482192518167,40076,0,0,0
3486b7d503fbceae3e245ac346a1f991cffc1c57,2016-09-27 21:24:10,1,1,7,1.7246779986040677,2798,21,32.42857142857143,4,555.128039021164,18,97293.0,1.0004165846178037,4567,0,0,0
1cfa49f03d6f45e26f5b2f1b40628b1b6e7b7ec5,2016-09-27 21:28:06,1,1,8,2.598998531598742,64,7,3.5,4,0.0003414351851851852,4,97300.5,367.1016949152543,4575,0,0,0
1fbddc97d114d899f88621cb49493806ce103f43,2016-09-27 21:31:02,1,1,1,0.0,1,1,1.0,11,0.19530092592592596,1002,97305.0,6.120303425388171,32672,0,0,0
f82e0c53b63495f7b5ba45fedefa5d3b01868e2b,2016-09-27 21:31:04,1,1,1,0.0,2,2,399.0,11,0.19528935185185184,62,97306.0,6.120606886742133,40077,0,0,0
45e50b46c3c65872e767a344e617a9bf44b96290,2016-09-27 21:37:17,2,4,14,1.5591713098476123,282,1232,592.6428571428571,11,3.2312797619047617,104,97313.5,1.2186990069661283,162,0,0,0
1ec3987b313f8aa20a01689e22765b31ebc2d0f3,2016-09-28 14:36:30,1,1,12,3.0305576617809336,18174,23,2.25,1,193.22786651234568,3,97326.5,1.000435148142388,4587,0,0,0
f511c177c69496b1fd87540e1b783014616dedc1,2016-09-28 14:37:45,1,1,4,0.5661439673930646,110,61,519.25,11,242.4795601851852,103,97334.5,1.528049856138739,32676,1,1,1
446e7e736936d5dd9372acd16997427b50c3c7c0,2016-09-28 16:33:30,3,4,18,3.0916880073776167,18292,92,1150.2222222222224,11,0.2761657664609053,1195,4305.5,64.73607558542581,379,0,0,0
f6c77c3aba630e8e1e43d69f87819af92219ef2b,2016-09-28 22:08:28,1,1,2,0.7219280948873623,15,0,147.0,6,292.6030439814815,10,2112.5,1.0174675608683184,398,0,0,0
6897cc803f190595b3d58df959f0371799db8ba3,2016-09-28 22:29:06,1,1,1,0.0,5,5,1045.0,11,0.3273263888888889,37,97337.0,4.055054630317175,32677,0,0,0
bdd0f665cabf1abba9873d1c0571f07ebeaa043a,2016-09-28 22:32:12,1,1,1,0.0,1,1,1.0,11,1.040324074074074,1005,97338.0,1.961238930176672,32678,0,0,0
189825489c73685ed609fbe8da7ca8c6ef68bc24,2016-09-28 22:32:14,1,1,1,0.0,2,2,399.0,11,1.0403472222222223,65,97339.0,1.9612175422201452,40086,0,0,0
189825489c73685ed609fbe8da7ca8c6ef68bc24,2016-09-28 22:32:14,1,1,1,0.0,2,2,399.0,11,1.0403472222222223,65,97339.0,1.9612175422201452,40086,0,0,0
189825489c73685ed609fbe8da7ca8c6ef68bc24,2016-09-28 22:32:14,1,1,1,0.0,2,2,399.0,11,1.0403472222222223,65,97339.0,1.9612175422201452,40086,0,0,0
189825489c73685ed609fbe8da7ca8c6ef68bc24,2016-09-28 22:32:14,1,1,1,0.0,2,2,399.0,11,1.0403472222222223,65,97339.0,1.9612175422201452,40086,0,0,0
78a22be93ffd2758266d91ec49ab10b81bc09778,2016-09-28 22:36:54,1,1,2,0.8582307926411411,19,20,1282.5,11,1.0269675925925927,80,97340.5,1.7376690777103447,32680,1,0,1
a315dcda9b84030214493c9230cd00a05de4085e,2016-09-29 08:33:35,1,1,1,0.0,0,2,195.0,11,0.5833912037037037,40,2114.0,2.7141156631286583,399,0,0,0
c88acc96134032de5182f476036bb60bcb336d09,2016-09-29 22:59:46,1,1,1,0.0,14,8,545.0,6,31.13224537037037,35,2115.0,1.0321210368254303,400,0,1,1
0eeb24073051589264fa300b9f2f098bf18e12e4,2016-09-30 07:22:47,1,1,1,0.0,217,200,2864.0,11,3.862430555555556,2,2116.0,1.2589043312537085,401,0,0,0
4337f2c240d7154e5e893fedeadc04d7409c58b1,2016-09-30 07:39:12,2,2,3,1.0144324745939182,2048,1,681.3333333333334,11,1.2912770061728394,2,2118.0,1.2581423906256068,1,0,0,0
cb7bd2799e7ea6c333793c50ddaec25572efbff4,2016-09-30 07:39:45,1,1,1,0.0,1,1,258.0,11,3.874212962962963,2,2120.0,1.2581169413142457,402,0,0,0
6d200061ca647ce275c7342d89a582564937c614,2016-09-30 08:15:44,2,3,20,3.1782881676410777,728,155,787.95,11,42.916199074074065,314,2130.5,1.0046893680164874,116,0,0,0
d4b074d85b6822f1d14f518c1e1ad13d2ba7ac10,2016-09-30 09:09:44,1,1,1,0.0,1,0,193.0,5,335.7122453703704,18,2141.0,1.0029787415079148,403,0,0,0
b9d0f96a19233322070b22dd59f523e5567d59e3,2016-09-30 09:17:55,2,4,9,1.8609508018604184,398,51,705.1111111111112,11,271.7895524691358,334,4319.0,1.0004500007677697,387,0,0,0
5bb85b482d7183615a8a74cfce869ca9e5d8d1c2,2016-09-30 09:38:50,1,1,1,0.0,1,1,2881.0,11,0.09447916666666667,3,2142.0,11.584343991179711,404,0,0,0
d45e333f7c475d1bffbfa89e0aa725f7f13118d0,2016-09-30 11:11:32,2,2,5,2.262029342416026,33,12,350.0,11,2.9578726851851846,45,2145.0,1.155201136878436,408,0,0,0
035279de8762d4ab8c40b4b2ae6b1f4340278d75,2016-10-01 06:26:14,1,1,1,0.0,3,3,551.0,6,1.3100462962962962,36,2148.0,1.7633318019578048,409,0,0,0
a3e05a2bac7d7756bd26d9e1b976a671208895f5,2016-10-01 06:34:45,2,4,15,0.0,0,0,272.0,9,382.0876766975308,85,2156.0,1.0004190346971125,411,0,0,0
1985db4fb1529b7b05f0a2c87bf536871b601850,2016-10-01 23:05:05,1,1,1,0.0,2,2,1134.0,11,5.516805555555557,26,2164.0,1.1812643186223912,1604,0,0,0
c2e11dffa2eb23b253ebc6602bed58e7293431a2,2016-10-02 20:33:20,1,1,1,0.0,110,532,3477.0,11,6.411423611111112,6,2165.0,1.1559716001711355,0,0,0,0
3b94627dfea57bedfbf1e66dde862c41969edb9d,2016-10-03 06:52:30,1,1,1,0.0,14,13,3055.0,11,0.4299768518518519,7,2166.0,3.3257065948855984,1,0,0,0
690f91300b6307f82f42ce983cbc4a453aeb73a8,2016-10-03 06:58:51,1,1,4,1.4902967711514707,7260,7258,3210.25,1,3658.629884259259,4,2168.5,1.0001423574807538,5,0,0,0
45d2cc28951d48430a12f007edbff78888b52f57,2016-10-03 07:03:42,1,3,11,0.0,0,0,1376.5454545454545,11,2801.945758627947,24,2176.0,1.0266081750270744,16,0,0,0
6e719f2d94699d8c6d1533766db18f95d71496e5,2016-10-03 07:07:28,1,1,3,1.2801772957275568,227,227,1453.0,11,0.0026157407407407397,17,2183.0,234.62831858407083,19,0,0,0
03766dbda76f854d94e86ba5ab7107bb5a869bf0,2016-10-03 16:28:59,1,1,1,0.0,10,0,1037.0,9,2.412662037037037,14,2185.0,1.4144799332226774,130,0,0,0
c3ff8812b34d55af40e79a9c2f22a876c68af5d2,2016-10-03 17:57:33,2,3,7,2.120726902482833,64,31,1474.428571428571,11,19.20500826719577,1319,4327.0,1.0472338255322633,391,0,0,0
91be47a0d084d98cdc9af81045a70ec492bb3961,2016-10-04 11:43:12,1,1,1,0.0,5,8,915.0,11,10.776574074074073,38,683.0,1.0927938687310441,21,1,1,1
e2caf5c10577319113d6419cea8d03b8b388b188,2016-10-04 13:57:21,1,1,1,0.0,6,4,912.0,11,0.09315972222222224,39,684.0,11.734252702199033,22,0,0,0
4381db846bcbcb4c3fd4203ea54fd2632c9644b4,2016-10-04 14:33:26,1,1,2,1.0,2,0,329.5,5,339.93703703703704,18,2186.5,1.0022062909253346,413,0,0,0
c46be7db625efcdb7943eb14c6e577488d349518,2016-10-05 10:33:39,3,3,36,3.929206043660635,250,311,572.2777777777778,11,112.46993859310696,2596,4348.5,1.0214589694515308,423,0,0,0
d31121b18cdeb4e239fef613ccf373a5043c83fc,2016-10-05 15:22:48,1,1,1,0.0,2,0,937.0,5,95.82703703703704,6,24.0,1.010435468223999,24,0,1,1
02bfa898eeb125ed07f4ef09f6f5926682f6840f,2016-10-05 15:46:20,2,2,11,2.7103451200374846,40,31,315.6363636363636,11,62.765611321548846,189,4372.0,1.0015147430883646,432,0,0,0
c07a01c661d6532bdfe54404f6d7aadb2daa6926,2016-10-05 18:11:52,1,1,1,0.0,12,11,166.0,11,2.461388888888889,5,2188.0,1.406274686829929,20,0,0,0
f32819dd10862c386fa5bdd74accca1d92e0c963,2016-10-05 18:13:46,1,1,1,0.0,657,650,3056.0,11,2.462708333333333,10,2189.0,1.406057017172828,21,0,0,0
326fdf2cf13af568c4f18e6902c16e364bdf1a3b,2016-10-05 18:20:09,1,2,15,3.2685208763760363,33240,10579,1251.6,2,244.73303395061728,9,2197.0,0.4270473484035087,36,0,0,0
969d3cf4b0c419464dc0cb79633a67934a81610b,2016-10-05 18:25:40,2,2,7,2.462848367562865,34,16,535.5714285714286,11,23.16402943121693,142,3.0,0.866975801696639,2,0,0,0
8809a603fb2d7871dd801888c704524403f768d3,2016-10-05 18:26:21,1,1,1,0.0,75,0,1484.0,11,5.424039351851852,36,7.0,1.1843644441219965,4,0,0,0
d7d321a51249f14e8a0386c4471ec1749adb8e86,2016-10-05 18:41:45,1,1,1,0.0,24,18,167.0,11,0.020752314814814814,6,2205.0,49.18739542665924,37,0,0,0
f9f955d5b5d02b2c84f5f8ad09baf072c9ab6d3c,2016-10-05 22:34:44,1,5,19,4.003655053293037,41,41,612.6315789473684,11,126.82686220760236,58,2215.0,1.0038265454973745,432,0,0,0
887981cfaa2979e68ec7ec1986da3ad9e27a1765,2016-10-06 10:47:08,1,2,2,0.9994730201859836,35,2,308.5,5,-0.01394675925925926,33,2310.5,-34.850622406639005,439,0,1,1
4921dc18a05800254ff002a38cc99f14fc97cc3c,2016-10-06 10:47:08,1,2,2,0.9994730201859836,35,2,292.5,5,233.90341435185184,30,2225.5,1.0050362227917176,434,0,1,1
22ce6718048b71a99ae8b28660ecdc1da5f4bcc4,2016-10-06 11:16:59,1,2,5,2.0569465989697258,27,17,314.2,4,341.81283564814817,70,2229.0,1.0013360138035796,42,0,0,0
ef079ae4eb879b655a5286f2bd26cbe15f893821,2016-10-06 11:27:18,1,3,3,1.5394847569315018,6,5,634.3333333333334,5,-0.2467746913580247,64,2325.0,-1.4749390034056988,450,1,1,0
83bcdb6a5053d426a2c4e542ca314c7e82c3eb45,2016-10-06 11:27:18,1,3,3,1.5394847569315018,6,5,634.3333333333334,5,191.27172839506173,57,2233.0,1.0034545513594555,437,0,0,0
0853cdbe6f6939738ceda6af12fc3c9c243af030,2016-10-06 11:47:08,1,1,2,0.00917809108235313,1282,1282,2089.0,4,341.83377314814817,12,2235.5,1.0021940488591656,44,0,0,0
fd16118cbb2260ee93ca70a4daca0c6533534ab3,2016-10-06 12:02:41,1,1,2,1.0,0,2,23.0,1,589.7734375,2,0.5,0.5004238915897259,1,0,0,0
8ea063378eaca2e472a9f631ceb9add5aba9e847,2016-10-06 12:15:48,1,1,1,0.0,3,1,28.0,3,316.7843055555556,3,2.0,1.003156722042294,0,0,0,0
493873fb933d3b35407fd4e5969afe324135f04b,2016-10-06 13:00:46,2,51,458,6.475155012328818,16844,10961,163.90393013100436,11,44.86910487930607,1269,4606.5,1.0026211117450141,296,0,0,0
e1e9a5c12604ba34bdb02cb96d767ce4f1303a80,2016-10-06 13:49:47,1,1,1,0.0,20,26,1137.0,11,0.6354513888888889,6,25.0,2.573684498114857,25,1,0,1
b3d2fb91bb6c959c4c6e045ac95afc3013b7ca76,2016-10-06 15:47:41,3,8,63,4.296634736541692,6347,483,303.1111111111111,11,160.4660174162258,1864,4867.0,1.249038133936828,477,1,1,1
0b5d71537a8b7ec967470e85b6a81341d5f2c2c8,2016-10-06 15:48:18,1,1,73,4.892122515033759,230,227,271.72602739726034,11,24.13581034373415,398,2273.0,1.948957244175154,1677,0,0,0
9507a786f013709b8fc4600198c8dbdda25da94c,2016-10-06 16:01:32,1,1,3,1.045866232872806,291,288,371.0,9,-0.9519791666666668,12,66.0,0.3580625159572528,35,1,0,0
f92618a33b74d48db850554491ee73a90c8ddc75,2016-10-06 17:21:38,1,2,2,1.0,2,34,325.0,5,0.27395833333333336,35,2312.5,3.7376425855513298,441,0,0,0
19984c9bd17c6e8a2e78d5bff6baffcf6a0797cf,2016-10-06 17:23:10,1,2,2,0.9544340029249648,3,5,782.0,5,0.2471296296296296,41,2314.5,4.034844511052828,443,0,0,0
e78b4267b7c26308b6bde8e6021c92785abc5602,2016-10-06 20:23:06,1,2,2,0.8631205685666309,6,1,573.5,11,9.115150462962962,34,685.5,1.0822805946042724,597,0,0,0
7f3a7c5cbe5eb4db0d74a28a0c96c9cba2b3c00f,2016-10-06 20:33:24,1,1,1,0.0,1,1,199.0,11,0.11508101851851853,1,687.0,9.68953032284019,598,0,0,0
615a2da044a32aa04fb00b4536655c788efb6534,2016-10-06 21:48:06,1,2,2,0.5225593745369408,10,7,665.0,11,41.647430555555566,49,688.5,4.000803464520309,67,0,0,0
49c45ab03b6f56a61deb4dbdbba837097910453e,2016-10-07 09:44:57,1,1,1,0.0,6,6,439.0,11,13.472569444444444,7,5.0,1.0742248911110541,1,0,0,0
72ac0734123f000c4e2427ee8bfdb7547dbb5d28,2016-10-07 09:50:00,1,1,1,0.0,1,1,439.0,11,0.0035069444444444445,8,6.0,286.1485148514852,2,0,0,0
e27ed6c94a2eedef53800a4f06a5a35c3920a83c,2016-10-07 14:52:23,3,8,23,1.2324948684852082,41533,67,92.91304347826087,9,49.770481582125605,38,37.0,1.0021769570450605,32,0,0,0
9789f047d78e5b11b953219ffb5410f08281b9a9,2016-10-07 15:55:35,1,7,16,2.9847579370095616,676,562,28.625,9,46.30719401041666,7,56.5,7.410083369009497,23,0,0,0
e01e90eb965cc9862312fc2f6a5e6e061dfffd01,2016-10-08 10:45:22,2,2,3,1.061278124459133,8,8,897.3333333333335,11,2.6801890432098765,100,2317.0,1.2280269672923418,444,0,0,0
683689c80807a24b0a60e02c26ad786dc21bb4fb,2016-10-08 11:00:23,1,1,1,0.0,5,5,1559.0,11,0.010428240740740741,38,2319.0,96.89345172031076,133,0,0,0
dd192ca7ea15575b243c14fa2650a9ff7d4d8112,2016-10-10 09:15:42,1,1,1,0.0,96,96,1150.0,11,3.4775,42,2320.0,1.2875629043853345,445,0,0,0
fca6d721c035b9f5ea2bc4b355acab0c04e89ccb,2016-10-10 09:16:21,1,1,1,0.0,20,17,183.0,11,3.477951388888889,9,2321.0,1.2875255827883991,446,0,0,0
144e6a809157c380a8e0d7ddfbfc2fe2594b4763,2016-10-10 09:40:09,2,2,2,0.9182958340544896,3,3,561.5,11,9.71980324074074,21,2322.5,1.1975522426085543,447,0,0,0
a2b084006467121a5cd4e55dbaa382cadc6e4aa5,2016-10-10 13:40:33,1,1,3,1.584962500721156,9,0,452.0,5,103.09099537037035,15,69.0,1.0054352980017225,38,0,0,0
b00b40bccdfd4e14e79c544a2ceab7d2ab658ad8,2016-10-11 08:03:59,1,1,1,0.0,2,2,321.0,11,10.865324074074076,146,2327.0,1.0920359110489963,451,0,0,0
04f5eadcf14ae2f8c14ec6504dac712622bb2ad2,2016-10-11 12:39:52,4,15,76,3.967961074874628,495,277,108.55263157894736,11,4.509224993908383,1466,4936.5,0.8318598682943309,485,1,1,1
0eb7fbf34d23415dcb7180d16cb5bbf3b6a093ab,2016-10-11 15:43:59,1,1,2,0.6500224216483541,7,5,609.0,12,4.558298611111111,30,4975.5,1.1548964400289936,3897,0,0,0
559637f4bcae6f080b300130887b452431f8b0e7,2016-10-11 16:11:29,1,1,2,0.6840384356390417,2,9,382.0,9,60.94706018518519,15,71.5,1.018799242495788,40,0,0,0
2f07a627a27dd152eadd4c6b51706992ca5cb7a0,2016-10-11 16:30:41,1,1,1,0.0,0,2,649.0,9,0.013333333333333334,10,73.0,76.0,41,0,0,0
ecb03dd2dfda70284c66bfb9799cf8ba86f03e91,2016-10-11 23:03:18,2,3,8,1.7770910993167155,2622,1,40.125,11,0.07806568287037037,147,2331.5,2.276063770640672,458,0,0,0
69cb831705999a6ab2046fde82987a92742582c7,2016-10-11 23:39:37,2,3,7,2.071453616901921,119,48,508.57142857142856,12,0.6417476851851854,12,2339.0,1.0506827778119698,464,0,0,0
b75860048bd7f0bf439882b3e629b5a6863db7c1,2016-10-11 23:50:45,1,1,5,1.261526967532118,49,47,215.0,12,5.855418981481483,27,2345.0,1.8552114439335785,1684,0,0,0
e10ea91c5f42ea64092da7083261079260e3b993,2016-10-11 23:51:42,1,1,1,0.0,1,0,327.0,11,25.480277777777783,3,2348.0,1.0392460399655508,1685,0,0,0
39a22039e918f9ca64dd01316257bb97a1911cc5,2016-10-11 23:57:40,1,1,1,0.0,1,1,1137.0,12,0.25950231481481484,30,2349.0,4.853530172606039,1686,0,0,0
adc98e07df5dab4fc4a60d8359c56f0430b1a0cd,2016-10-11 23:58:36,1,1,5,2.1995812306460643,15,15,1195.0,11,20.036270833333333,27,2352.0,1.1487506747644098,469,0,0,0
6b4ab0a390446d033de8919d7ba96c5ae5b18cbf,2016-10-12 00:00:21,1,1,1,0.0,2,0,1025.0,12,0.014398148148148146,8,2355.0,70.45337620578778,470,0,0,0
c24bf512f31a92f279366c4baa30e77d44e456e3,2016-10-12 00:00:53,1,2,2,0.9709505944546686,5,5,319.0,12,5.296024305555554,3,2356.5,1.1422773177617158,472,0,0,0
da66c1e649bbaef7a2cc59c9c7258653eb6ff064,2016-10-12 00:07:52,1,1,2,1.0,4,4,1110.5,12,0.019618055555555555,4,2358.5,39.23008849557522,474,0,0,0
2e8edbd2b97318d21830479664ae7a1bb653a796,2016-10-12 06:53:37,1,1,1,0.0,1,1,321.0,11,0.3266087962962963,148,2360.0,4.061766894645452,475,0,0,0
f8a26dd158ff5b46b25c251e552524a0cb2beb0b,2016-10-12 07:26:03,1,1,2,0.9544340029249648,14,2,222.0,5,86.07954282407408,21,2361.5,1.010081740167237,477,0,0,0
63e71cd45b2723a5c20a8e9fa69aa7631d07c44a,2016-10-12 07:35:47,2,2,6,0.7233120360312149,117,52,350.83333333333326,12,18.831817129629627,1153,4979.5,1.3614670131097144,487,0,0,0
4958e114bac6d145ba6a16a1bf6569d453237082,2016-10-12 15:46:46,1,1,1,0.0,4,10,1825.0,11,0.6584490740740739,6,74.0,2.5187203374934084,42,0,0,0
fcb52710267ae6fa8168d067ecade95e131e0cc1,2016-10-12 15:56:45,1,1,1,0.0,6,18,1819.0,11,0.0069328703703703705,7,75.0,145.24040066777962,43,0,1,1
0b426dadc1d19b073bbb79c47a43995500ca125d,2016-10-12 18:36:38,1,1,1,0.0,14,7,914.0,11,8.193946759259259,40,2363.0,1.1220413104185707,1,1,1,1
e4ff8128f1b2f47f7f4ad19611039a000f662433,2016-10-13 08:22:08,1,1,1,0.0,1,1,154.0,12,0.9488541666666668,5,2374.0,2.053902733560215,1687,0,0,0
95cca1bd9f63108bcba1470db11dd8c176b71692,2016-10-13 11:40:44,1,1,1,0.0,8,4,167.0,11,21.532222222222227,14,690.0,1.0464420248722843,599,0,0,0
2c8a7a318a4a1a0786c0ebacabbde82cb6d9c683,2016-10-13 16:55:53,2,5,18,3.164277030398299,254,145,508.9444444444445,12,18.960357510288066,427,4991.5,1.0176602593562059,500,1,0,1
411ecca8df964e6d8c03cd1857a6e592bd5a57fb,2016-10-14 07:27:14,1,1,1,0.0,2,0,507.0,12,0.5217708333333333,3,2364.0,2.9165502096226787,478,0,0,0
d07703efff5c414a478569b195356c539c28e931,2016-10-14 07:27:40,1,1,1,0.0,1,1,752.0,11,7.56943287037037,17,2365.0,1.1321102937466263,479,0,0,0
c9c66ca0bd1a298c85696af5e0038efb4252e563,2016-10-14 07:28:25,1,1,1,0.0,9,12,613.0,11,7.569953703703704,11,2366.0,1.1321012042003291,480,0,0,0
deceb9d5c6a4eb05770a2f2c647d027f76ebc5a0,2016-10-14 07:31:52,1,1,1,0.0,1,1,752.0,11,0.0029166666666666672,18,2367.0,343.8571428571428,481,0,0,0
f67975fd8adf5684e8b586ed7baa148d4d856578,2016-10-14 07:37:06,1,1,1,0.0,9,1,610.0,11,0.006030092592592593,12,2368.0,166.83493282149712,482,0,0,0
909ec2c09658c4fc83658d65d18554aa940ac464,2016-10-14 11:48:24,1,1,1,0.0,0,4,56.0,9,6.872233796296296,1,2369.0,1.1455130936521598,483,0,0,0
e77e1f6b8ea690b7e551907d27157d20b185e21b,2016-10-14 19:40:51,1,1,2,0.9182958340544896,2,13,228.0,5,2.5102777777777776,23,2370.5,1.2987717162775256,485,0,0,0
e7825ba21a0bd6dd0a6e60f04544481de08cce0b,2016-10-15 07:30:07,1,1,2,0.8211154105515291,238,0,0.0,1,0.0,0,2372.5,0.0,487,1,1,1
c5513c4f7503e274aeda7d021fa29c446e3a2456,2016-10-17 19:56:18,1,1,2,0.7642045065086203,9,0,800.0,11,33.35309027777778,47,2375.5,1.022486671962139,489,0,0,0
954d536826ee293a1245ffd96e1360c75530cefb,2016-10-18 09:27:01,1,1,1,0.0,55,19,177.0,1,3.164513888888889,1,5001.0,1.3160043011696547,501,1,1,1
003581c6a80c7ced3e869bcb6354006ecdfc7db2,2016-10-18 11:16:28,1,1,3,1.4701429793353156,17,11,224.0,6,0.03849922839506173,30,5003.0,16.9480390254514,504,1,0,0
394c3bb504530684331c4df0094621922a62c3e6,2016-10-18 12:20:49,1,1,2,1.0,7,1,222.5,5,3.694421296296296,25,2377.5,1.203008790781897,491,1,1,1
1f1c87235a07fdd57d20e9553295fb9fe867729e,2016-10-18 12:21:27,1,1,2,0.35335933502142136,12,3,137.0,1,1.6200578703703703,3,2379.5,14.38150469741761,493,1,0,0
2106dce2b3822283d5b0682d3d944fab91f4e02e,2016-10-18 13:11:40,4,7,41,1.7131365958889744,118040,110939,189.04878048780492,12,2.791449864498645,1320,5025.0,1.0284669086056246,507,0,0,0
2c5ea9fc61e43c178c4a77df6dbef90cc0c1116e,2016-10-18 14:05:08,1,1,2,0.9656361333706098,9,14,228.0,6,0.033796296296296297,29,2381.5,23.19178082191781,495,0,0,0
1f7693faf289545b5b527684b50fe14e1dada07b,2016-10-18 14:06:43,1,1,1,0.0,1,1,222.0,6,0.034895833333333334,4,2383.0,29.65671641791045,496,0,0,0
4502d3276be418283be236dc897cbe41830042d5,2016-10-18 14:45:06,1,1,1,0.0,9,10,19.0,11,6.654027777777778,1,2384.0,1.1502849151516417,135,0,0,0
ae77664bddd553a808e23fd6434b0bd9a6dd081f,2016-10-18 14:45:25,1,1,1,0.0,2,2,321.0,11,6.327638888888888,149,2385.0,1.1580368313615312,497,0,0,0
2b47fa66533e68ca3e74cfb54a91742a9a4f7057,2016-10-18 15:05:30,1,1,2,0.3478169135710633,45,1,9.0,11,0.007083333333333333,2,2386.5,71.58823529411767,137,0,0,0
6e54443d8c194c94bb93f6931a4dab9d643f9a82,2016-10-18 15:11:22,1,1,2,0.9709505944546686,5,0,642.5,12,6.637239583333333,5,2388.5,1.1131102807209208,499,0,0,0
27796b431ee5ceea3c2fe7409daab4297e3da862,2016-10-18 15:32:20,1,1,1,0.0,2,2,19.0,11,0.01863425925925926,3,2390.0,54.66459627329192,138,0,0,0
7b7cb297e6beca11414c494e041b5e820dcede77,2016-10-18 22:26:47,2,3,5,1.7180949054605152,111,13,199.4,11,608.8760694444443,40,2393.0,1.0170468970719766,503,0,0,0
019bc0ba0be2dbf2406661c2fec6e0774b6bfcd6,2016-10-19 07:39:03,1,1,1,0.0,4,4,19.0,11,0.6713310185185185,4,2396.0,2.4895781252693827,139,0,0,0
ccca642b3ae68762d14ed228701444c81d15a19e,2016-10-19 08:08:52,1,1,1,0.0,1,1,947.0,12,0.7063888888888888,54,2397.0,2.415650806134487,504,0,0,0
58141e0559cba314facf7854dd67b65157410988,2016-10-19 08:41:44,1,1,1,0.0,0,1,40.0,12,7.459803240740741,2,5046.0,1.1340517930203078,508,0,0,0
86f5b511334483ca25e91a112148246fa4f7d0ae,2016-10-19 09:05:25,1,1,1,0.0,1,1,1058.0,5,140.9275,40,2398.0,1.0070958471554523,505,0,0,0
566effc9c961b264d7906624fa42c37f993a0294,2016-10-19 09:08:20,1,1,2,1.0,2,0,547.0,12,14.516886574074075,12,2399.5,1.084905869651898,1690,0,0,0
26344686766418b7b4709e6c59a6ebae4d9fbfc3,2016-10-19 10:42:02,1,1,5,1.5683665223594052,8,13,483.0,12,28.133659722222234,136,2403.0,1.0128238175552446,510,0,0,0
26344686766418b7b4709e6c59a6ebae4d9fbfc3,2016-10-19 10:42:02,1,1,5,1.5683665223594052,8,13,483.0,12,28.133659722222234,136,2403.0,1.0128238175552446,510,0,0,0
26344686766418b7b4709e6c59a6ebae4d9fbfc3,2016-10-19 10:42:02,1,1,5,1.5683665223594052,8,13,483.0,12,28.133659722222234,136,2403.0,1.0128238175552446,510,0,0,0
26344686766418b7b4709e6c59a6ebae4d9fbfc3,2016-10-19 10:42:02,1,1,5,1.5683665223594052,8,13,483.0,12,28.133659722222234,136,2403.0,1.0128238175552446,510,0,0,0
1a108572441de9b9499ed4a35becf651fd85c02b,2016-10-19 10:43:25,1,2,2,0.5916727785823275,12,9,200.5,11,164.3828125,70,2406.5,1.026408643512335,512,0,0,0
ffb8eb36da4bd1e199a2d3528fcd37629e205467,2016-10-19 10:44:38,1,1,1,0.0,1,1,1058.0,5,0.06890046296296297,41,2408.0,15.513690576180075,513,0,0,0
9954d5d346682771f9167d510923d85c9151f37a,2016-10-19 10:47:07,2,2,9,1.873112625186504,109,59,815.5555555555555,12,9.978346193415637,1224,5051.0,1.2056726038051826,510,0,0,0
e8359923f1e4a628284c0834ab03d718c8036465,2016-10-19 15:58:50,1,1,1,0.0,24,0,1848.0,11,13.040324074074075,21,2409.0,1.076685210760071,1691,0,0,0
21619f6a2f808847ce4edc4d54abb38d4e593eec,2016-10-19 19:02:08,1,1,1,0.0,2,1,151.0,12,-5.0911226851851845,29,2740.0,0.8035796695864488,284,0,0,0
8c3f5cb30700aae7e375e2c32b646ef0f0ff1330,2016-10-20 09:27:26,1,1,1,0.0,13,1,171.0,11,6.907430555555557,15,2410.0,1.1447716328028392,1692,0,0,0
f022f6d88ad24b0be346274b1c14ba6917ffc940,2016-10-20 14:40:18,1,1,22,3.771737987681412,47,44,963.7272727272727,12,22.63125841750842,204,2421.5,1.0516778795297477,1714,0,0,0
2cf77ff778eff2292159045bc6f30321cecfd65a,2016-10-20 16:16:17,1,3,4,1.5290499555995545,56,6,162.75,12,42.823420138888885,22,2434.5,1.9516829733818692,1718,0,0,0
a9572275eeb00d702ef4381e8b0951f5e78806ec,2016-10-20 16:27:00,1,1,1,0.0,1,13,186.0,12,0.007442129629629629,17,2437.0,135.37013996889578,1719,0,0,0
a2e34aab0a8c15e0ae4b57471f18ec98d5ffdac3,2016-10-21 11:55:36,1,1,1,0.0,1,0,181.0,8,50.81204861111111,20,2438.0,1.0196803716310177,514,0,0,0
ed3f02f24944e5932bb2e1fe552ef5d979d8e138,2016-10-21 12:04:48,1,1,1,0.0,3,0,1.0,6,30.715243055555554,3,2439.0,1.032557124753702,1720,0,0,0
6742fb634aa9fd5e80eace641012a8a1f650900d,2016-10-21 12:05:21,1,1,2,0.9544340029249648,15,17,193.5,12,0.822019675925926,24,2440.5,1.915152862549499,1722,0,0,0
607246f923103755a7fb49c0e5de65e5739ad1d4,2016-10-21 13:25:53,1,1,1,0.0,1,0,4.0,6,0.056307870370370376,4,2442.0,18.759506680369988,1723,0,0,0
991034b632c7c36a283082416e2575eefbd4d27e,2016-10-21 13:54:34,1,1,1,0.0,12,3,648.0,5,182.08240740740743,17,2443.0,1.005492018774568,515,0,0,0
db36c8bcc31ec4ec4dd12b7efef0962199d0e56a,2016-10-21 14:51:09,1,1,1,0.0,4,0,1800.0,5,99.83037037037035,39,2444.0,1.0100169917860666,516,0,0,0
bc44988003199a67ffb16ffc9ee23a3a47d054bc,2016-10-23 15:18:25,1,1,1,0.0,1,1,93.0,11,17.012256944444445,4,2445.0,1.0587811483958665,1724,0,0,0
ad57a17f48c897aa6e315a4391a5cb6b036ffe8d,2016-10-24 16:48:20,1,1,1,0.0,30,0,458.0,11,24.355972222222217,17,8.0,1.041057691759379,5,0,0,0
c2430939809ee9d8424a7acad79e39bfaa0ca528,2016-10-24 17:05:47,1,1,3,0.975764384820932,43,36,940.0,11,20.752380401234568,62,10.0,1.0267292166229365,8,0,0,0
be2d155cef25067888b89b37b6e4aacc917f39e9,2016-10-24 17:08:36,1,1,9,2.4891156874102283,85,37,735.0,11,26.480291923868307,207,16.0,1.0081513898594814,17,0,0,0
e02505c8cc333cb29e6fc6ab27d1078aa8e27afb,2016-10-24 17:11:09,1,1,2,0.4262286569981449,60,32,1094.0,11,62.660167824074065,26,21.5,1.0245052748738492,19,0,0,0
7b89e47a38d5681a6d35f69b8068a2f38a8ec4bc,2016-10-24 17:12:28,1,1,4,1.7047917570481899,28,52,348.25,12,8.332398726851853,65,2447.5,1.080759667754155,520,0,0,0
512c413b7ead4d88e5f9b99669539016d329d1af,2016-10-24 17:13:21,1,1,8,2.7745017007583064,38,38,436.25,12,8.460866608796296,155,2453.5,204.801249236013,528,0,0,0
182141b85005417e36534a29e775ff3a74c1c933,2016-10-24 17:13:34,2,2,3,1.571541671821925,15,3,883.3333333333335,11,5.425493827160494,75,24.0,145.98692239961997,3,0,0,0
f8367e3d0fee96b477e8693f4023b334776c306c,2016-10-24 17:49:53,1,1,1,0.0,0,0,0.0,11,24.398715277777782,10,2458.0,1.0409857645623988,1725,0,0,0
9c81ad1ab6e30dd010158ccf4df2257bc8f1b7b0,2016-10-25 09:45:55,1,1,24,3.784721511067331,72,45,965.4166666666665,12,4.792191840277776,253,5067.5,1.0316938518314056,3943,0,0,0
63eada24255494e91476d34b5bea3854a9993b48,2016-10-25 12:12:48,1,1,1,0.0,2,2,121.0,11,18.88335648148148,5,2459.0,1.0529566870688842,1726,0,0,0
6929603eef93cf633fd8e731406782ccf68dcdd3,2016-10-25 14:15:34,1,1,3,0.6132818066560914,1071,0,81.33333333333333,9,16.2705362654321,25,117.0,1.0204869297419241,118,1,1,1
6929603eef93cf633fd8e731406782ccf68dcdd3,2016-10-25 14:15:34,1,1,3,0.6132818066560914,1071,0,81.33333333333333,9,16.2705362654321,25,117.0,1.0204869297419241,118,1,1,1
6929603eef93cf633fd8e731406782ccf68dcdd3,2016-10-25 14:15:34,1,1,3,0.6132818066560914,1071,0,81.33333333333333,9,16.2705362654321,25,117.0,1.0204869297419241,118,1,1,1
6929603eef93cf633fd8e731406782ccf68dcdd3,2016-10-25 14:15:34,1,1,3,0.6132818066560914,1071,0,81.33333333333333,9,16.2705362654321,25,117.0,1.0204869297419241,118,1,1,1
d7c77a419d1f391f982ef9fdaa210ee7ebc264d2,2016-10-25 14:36:18,1,1,1,0.0,20,1,403.0,5,360.93902777777777,7,0.0,0.0,0,0,0,0
f350500e69cfd204295cf4209edebe8ce8b9a2d2,2016-10-25 14:43:12,1,1,1,0.0,1,0,49.0,5,360.9438194444445,4,1.0,1.0027705142632424,1,0,0,0
7f3f5e8c380b341ba0ad7abae8c14caa2c1aa9a5,2016-10-25 14:46:44,1,1,1,0.0,0,1,422.0,5,0.00724537037037037,8,2.0,139.01916932907343,2,0,0,0
039bda9b61db398171f990c1cd0bd6c4d951dfd3,2016-10-25 15:02:00,1,1,2,0.9709505944546686,3,2,370.5,11,46.71229166666666,31,119.5,1.0160557312270593,120,0,0,0
e8b3f79690d5f949f2ddb4582ae8b3a95a469fca,2016-10-25 23:04:03,1,1,2,0.3650551896402848,29,14,363.5,9,47.346481481481476,48,2460.5,1.0158406702363585,530,0,0,0
399c0af150e39accdf79dd9b7ccbf9d1b2d173ec,2016-10-25 23:46:25,1,1,4,1.449749696052666,53,61,394.5,11,12.665306712962966,41,2463.5,1.6251425257617351,534,0,0,0
0a417b4016f34e219cd51adb1bd98c9e06b4ac35,2016-10-26 07:06:38,1,1,2,0.3372900666170139,31,17,482.0,9,47.6816087962963,63,2466.5,1.0157293350399341,536,0,0,0
3267b345904e6968a06be32a26cf1ca4cead9658,2016-10-26 09:29:27,1,1,7,2.507507870951609,27,33,440.71428571428567,11,0.3259457671957672,155,2471.0,2.0106927206560643,543,1,1,1
8e61bed2d8558e1bd8abe678443635972952c919,2016-10-26 09:51:52,1,1,4,1.978101732721116,107,90,289.25,7,203.7528009259259,30,2476.5,1.0016671007869442,547,1,1,1
ef9f7c818e1ab7223d78622d5876ef8e99f30974,2016-10-26 10:14:08,1,2,8,3.0,8,8,478.375,11,0.023246527777777776,143,2482.5,12.499365504684956,555,0,0,0
f028a9a9678d0fbfb28a88d248dd5789f5d9652e,2016-10-26 15:04:18,1,1,1,0.0,1,2,752.0,12,1.9103819444444443,20,2487.0,1.5234555335429578,556,0,0,0
35753b8f089e1f61301f69a58c2452fe908cf904,2016-10-26 15:53:02,1,26,173,7.349442678091386,302,301,549.0751445086705,12,271.3858656470781,2882,2574.0,1.0002622300368629,729,0,0,0
f9a9e27f5a9a06ede78c0a9a3173a522396668c4,2016-10-26 16:01:40,1,10,23,3.6059913846182745,50,50,1284.6521739130435,12,103.4635849436393,1004,2672.0,1.0007687341532354,752,0,0,0
d9891abdf4d577707259288a86eb976099b34290,2016-10-27 09:34:04,4,7,44,4.242493076629753,1339,209,729.4090909090909,13,132.0796638257576,2428,5101.5,1.0055500969481759,546,1,1,1
7a45c72b973552064eae8a9ecd9f06fdca78baba,2016-10-27 18:31:06,1,1,7,2.0490419891968266,50,11,1152.2857142857142,11,43.371742724867715,142,29.0,1.0831273334011031,28,0,0,0
93d393aa691a959d6e995f57145d7dd66f68db36,2016-10-28 10:48:35,1,2,28,0.0,0,0,355.25,3,3293.624634589948,38,2697.5,1.0000477070218299,72,0,0,0
e37d2b5c9431098d9f932bf6df7db7a074ea2944,2016-10-29 22:20:37,1,2,4,0.9151655402035004,70,3,457.25,12,3.803428819444445,40,122.5,1.1238597905721095,124,0,0,0
51e2313fac2cc424e230efe9f7245e35d67bc553,2016-10-29 22:35:29,1,1,1,0.0,9,7,972.0,12,0.010324074074074074,2,125.0,97.8609865470852,125,0,0,0
f333d659c229eb9167ab5a225fc13478b93ff62b,2016-10-29 22:54:43,1,1,1,0.0,11,13,974.0,12,0.01335648148148148,3,126.0,75.87001733102255,126,0,0,0
2e0d304c7eebf076877f6c602e7ac4df7b8a351b,2016-11-01 11:36:11,1,1,6,2.5849625007211556,6,6,1086.0,13,19.389023919753086,82,2714.5,1.055542109681781,1732,0,0,0
7fdd6e280771fa9e770d43cebfcfaf6eb747de12,2016-11-01 11:40:07,1,1,19,4.20184123230257,21,21,495.4210526315789,13,39.061458942495115,139,2727.0,20.273197902878447,1751,0,0,0
e81ae21dbd3a37db1ae8631b34301647ec8210df,2016-11-01 14:54:16,1,1,2,0.8812908992306927,7,3,4857.5,9,74.08902777777777,75,2737.5,1.0086837694471695,754,0,0,0
782a3280807e02f3d00276959d3d628087da2a5b,2016-11-01 14:55:13,1,2,3,1.4315602842833155,8,6,1270.3333333333333,12,13.006003086419751,131,2740.0,1.0924377989774776,757,0,0,0
e13e4031cfd458cd31db650adc45eab2aa1b09a8,2016-11-01 16:48:00,1,1,2,0.7642045065086203,8,1,969.5,5,376.48066550925927,11,2742.5,1.0022171839267298,759,1,1,1
c8f4b55588ac299f3dc28b9a60f9810bd445fee2,2016-11-01 16:48:30,1,1,1,0.0,3,0,1504.0,9,0.0793287037037037,25,2744.0,13.605777648088706,760,0,0,0
5d787f7f16c9c2644585c8c8d608e03d359ff9ab,2016-11-01 21:39:12,1,1,1,0.0,3,0,849.0,11,54.2212962962963,64,2745.0,1.018442937891699,761,0,0,0
b156771721ee9b90d561a792c03c24ffce547d14,2016-11-02 17:09:32,1,2,2,0.9910760598382222,11,16,421.0,11,7.2884722222222225,49,2746.5,1.1029022238313928,763,0,0,0
639fb6f444a0949f4458dc44ff3ad01982b284c9,2016-11-02 17:20:56,1,1,1,0.0,21,10,616.0,11,0.007916666666666667,37,2748.0,127.31578947368419,764,0,0,0
33140e500493cb92422270f8c1143d9ba109673c,2016-11-02 22:16:53,1,1,1,0.0,30,19,793.0,11,7.501909722222222,48,2749.0,1.1332993913586815,765,0,0,0
02510ec3217cd4674a44cae95a9aee4177612c24,2016-11-02 22:32:30,1,1,2,0.9992492479956564,43,19,621.5,12,5.885503472222222,30,2750.5,1.1598963133441371,767,0,0,0
7d23a0737ef5a51d53ff92578c0ddcd3c568ea96,2016-11-04 00:42:23,1,1,1,0.0,43,11,242.0,5,370.3599189814815,24,2752.0,1.0027000761927751,768,0,0,0
f48b71f46ba66655f1b9a20753737391ba3e42c5,2016-11-04 10:56:04,4,5,28,3.535965591213996,1184,341,362.3571428571428,13,103.09009589947084,128,5137.5,1.0015410355920171,563,1,1,1
6cc4eb19af5563e77ece47163d0354fcbe6a04f3,2016-11-04 12:20:17,1,1,44,5.334381369425131,52,58,151.86363636363637,12,56.713372001262634,226,2774.5,1.001850862905398,1795,0,0,0
3a3d96b8770baa13203e98412d9a9dd77a7a2c43,2016-11-04 18:18:40,1,1,1,0.0,5,3,132.0,11,57.08203703703704,3,2797.0,1.0175186460033157,1796,0,0,0
bda07301693ae242d089a234b9f34a2ff0316fd9,2016-11-07 14:59:25,1,1,2,0.9709505944546686,3,2,176.0,27,74.28339120370369,5,0.5,0.5033654898618514,1,0,0,0
b221b15d24ecd7b701ea5643d16d726964fc05bc,2016-11-07 15:50:18,1,1,7,2.7069278776239933,22,7,1024.142857142857,12,75.4122867063492,278,130.0,1.0067910265130984,133,1,1,1
f8226e8ae5c842ed1b736ef31a146afa090ffccc,2016-11-07 15:56:47,1,1,2,1.0,11,7,2096.5,12,0.004502314814814815,147,134.5,167.58097686375322,135,0,0,0
45f2e86dd63ebccecec8dc363356aec421b0de5f,2016-11-07 16:07:37,1,1,9,2.9058051381849874,30,15,688.5555555555555,13,40.06946630658436,339,140.0,1.0109060028240808,144,1,1,1
cd65d44d95078603838874a70a3c5b6fb77316ee,2016-11-07 16:15:39,1,1,1,0.0,2,1,401.0,9,59.854537037037026,46,145.0,1.0167071712438644,145,0,0,0
06959a9c597c89153e90e7cd74374c6c1235afa7,2016-11-07 16:21:08,1,1,3,1.584962500721156,3,3,303.6666666666667,9,167.77484953703706,20,147.0,1.0042919884659955,148,0,0,0
e7a2c6b5d1f300b9836b38306aef8d7c7474d6d6,2016-11-07 16:26:16,1,1,1,0.0,1,1,490.0,5,159.95357638888888,11,149.0,1.0062518139486218,149,0,0,0
c5869bdee209460c8db04dff1060d9eaad6c59ea,2016-11-07 16:33:50,1,1,3,1.4854752972273344,7,3,726.3333333333335,12,93.28172067901234,109,151.0,1.0039379997181597,152,0,0,0
a5c6104d6403c794dbf498ef634f1b8ea34e391b,2016-11-07 16:54:59,1,2,9,2.4832215425231756,87,17,2333.8888888888887,11,89.59830246913582,436,157.0,1.0027317529265594,161,0,0,0
30dede867af92685ecc381cbb98d544ae67b0590,2016-11-07 17:02:32,1,2,6,2.523231428797621,8,7,742.3333333333335,12,58.919106867283936,147,164.5,1.006207838655796,167,1,0,0
9b910d5511b1d83b06f911a3e4b10c8e413cf83c,2016-11-07 17:07:40,1,1,2,1.0,2,0,562.0,12,29.09923611111111,135,2798.5,1.028618113780002,770,0,0,0
21694ca3a843799cac7575e4a9559bea2f71067b,2016-11-07 17:10:12,1,1,2,0.059774993391550624,90,54,563.0,12,0.0017592592592592595,137,2800.5,427.31578947368416,772,0,0,0
1ff75eaba2bf0eb50448a56a1fd08215612d455a,2016-11-07 17:15:48,1,2,12,3.504216828822861,30,12,769.75,12,170.62443962191358,94,173.5,1.0084280268865045,179,1,1,1
db0524278a694bf0f676c424fdb6ca71d37d4fe3,2016-11-07 19:58:27,1,3,6,2.308737864578004,14,15,404.0,11,202.15367476851853,93,182.5,1.0023908588604162,185,0,0,0
7cd7cda2d4b7abc1b5ff34baa2c17fda74825a6c,2016-11-07 20:22:04,1,2,14,3.5096717931453174,59,23,1099.5714285714287,12,161.72296792328044,265,192.5,1.0012101723088216,199,1,0,0
fb3ac9afba396fa1e669ce417043a26431fd2b82,2016-11-07 20:30:38,1,2,5,2.14853573331382,15,6,1061.8,5,202.89397222222226,72,202.0,1.002799309080673,204,0,0,0
616420cda841bbdd46c140f775a8e9e95c448362,2016-11-07 20:51:36,1,2,10,3.1465398622951,21,12,736.1,12,125.11026736111108,62,209.5,1.0010802055226256,214,1,0,0
054ab6bff32f8ebbbe459bf164e031e9d768f971,2016-11-07 21:07:10,1,1,2,0.9182958340544896,3,3,514.0,5,157.0067939814815,20,215.5,1.0048418909295838,216,0,0,0
667f4dfe28b9e848d80aed85efe961ea1d6f2176,2016-11-07 21:46:22,1,2,6,1.5511650610045458,800,0,178.5,13,16.433233024691358,16,2.5,0.8417850414470202,5,1,1,1
31204aab6a1bd8c4f8e638329795b34e2084ab2a,2016-11-08 08:57:51,2,3,6,2.445530556036326,24,12,466.66666666666674,13,40.10150077160494,1250,5154.5,1.0206833814729646,567,0,0,0
a23b287a7aac047f109ec3ebfbe66f8980e17901,2016-11-08 09:05:50,2,2,2,0.9182958340544896,3,3,200.0,13,0.005543981481481481,1093,5158.5,136.28183716075156,568,0,0,0
25e7d074cfa4a2cc9e00686fa8929b4dee0817d9,2016-11-08 16:51:54,1,1,2,0.9953784388202258,42,8,136.5,12,18.424565972222226,11,6.5,1.1391878486819969,1,0,0,0
cdb5d47e9f9de7c74371e7230b78f604de2266bf,2016-11-08 18:24:54,1,1,1,0.0,2,2,494.0,13,0.8600925925925926,1,8.0,2.162665518355044,6,0,0,0
9de1a2a08fab496961bc14fafbfc9d926eba67a1,2016-11-08 18:27:44,1,1,3,1.4756933809863917,441,0,0.0,1,0.0,0,10.0,0.0,2,0,0,0
d20b32092ec129525c82488b6907ff4b4957f415,2016-11-08 18:57:27,1,1,1,0.0,8,19,972.0,12,9.876898148148149,4,217.0,1.101246361458885,217,0,0,0
2c801320c26a44636a5464ac7debe666d0d9b297,2016-11-09 11:46:10,2,2,2,0.8112781244591328,5,3,397.0,13,23.561631944444446,41,5160.5,1.0253207394648212,569,0,0,0
7eb05b33fb1d0ce909a2265dafa423f68602981c,2016-11-09 13:48:11,2,3,8,1.9412606055898551,487,3,186.125,11,-9.169398148148147,182,5295.5,0.951658856912776,670,1,0,0
031d4acde863f27316d90b61abdad3aa367e8895,2016-11-09 13:48:11,2,3,8,1.9412606055898551,487,3,113.125,11,-9.169398148148147,166,5285.5,0.951658856912776,663,1,0,1
6f23f6535ce0768ff623b3b84b9dc99ea1dc4f2a,2016-11-09 13:48:11,2,3,8,1.9412606055898551,487,3,40.125,11,2.760656828703704,150,5165.5,0.1306598849366355,574,1,1,1
71ee2ecaa1e023ce358d6fa06f0f8c748dde7867,2016-11-09 14:52:39,3,5,10,2.2429318311213637,628,13,59.7,13,31.34026851851852,39,2806.5,0.8348349929682003,778,0,0,0
c55fd502e0b9bda547d97e48056aa4333f53b955,2016-11-09 15:04:24,1,2,3,0.9182958340544896,2,1,72.33333333333333,13,0.008159722222222223,10,2813.0,75.8936170212766,1802,0,0,0
9806da69f3f9dea9aa8e66b141c3b3f146e9aa56,2016-11-09 15:47:50,3,4,10,0.8881344821635846,15,197,318.3,14,25.355538194444442,1144,5174.5,1.1067551342744628,579,0,0,0
3e36ec37542c653b25d99d136b672f65a8a32af9,2016-11-09 16:17:46,1,1,1,0.0,0,1,122.0,12,11.0396875,17,2815.0,1.0905822741812212,779,0,0,0
3d3a99c082f723d18bebab0eb8d7d08817897b4c,2016-11-09 16:50:34,1,1,1,0.0,10,0,0.0,1,0.0,0,2816.0,0.0,2,0,0,0
fec87c070dd8bc143e5752012be409893a9cbd7f,2016-11-09 16:53:39,1,2,3,1.4355205042826666,12,6,313.3333333333333,5,263.07734953703704,37,2818.0,1.0026603712594226,782,1,0,0
95a7f7160e6fa4fd327d318559da176de61742a1,2016-11-10 09:26:52,1,1,1,0.0,6,1,1615.0,5,232.77871527777782,35,218.0,1.0042959254191548,218,0,0,0
c20ee34c7b82c8f8bd1027dd46fc64f41b5d7ec6,2016-11-10 09:30:07,1,1,1,0.0,4,1,658.0,11,56.70990740740741,28,219.0,1.017633603116576,219,0,0,0
2b75ee761def59fd9b1c8798e847c97aa665942a,2016-11-10 13:28:32,1,1,1,0.0,2,1,966.0,12,2.846064814814815,102,2820.0,1.3513623424156158,783,0,0,0
bfc478c3204939f5a76ae83119c3eb73ad79226c,2016-11-10 14:12:02,1,1,1,0.0,1,1,967.0,12,0.03020833333333333,103,2821.0,34.10344827586207,784,0,0,0
801111a7abfa5aa59495b515d62a2879a8dbbf71,2016-11-10 15:00:36,1,2,3,0.6351411127116056,565,0,343.0,13,0.9894058641975308,10,2823.0,1.3369025244293324,787,1,0,0
c5c8c50e97f8060657309efbbbc3b73e39a46af3,2016-11-11 07:47:42,1,1,1,0.0,2,0,274.0,5,7.337025462962963,25,2825.0,1.1362950156092495,788,0,0,0
fdcabd7d1dce7e7d5426926de87b150b83c535e5,2016-11-11 09:01:18,1,1,1,0.0,1,0,294.0,12,15.74974537037037,13,2826.0,1.0634930899823485,789,0,0,0
8e0fd8869724cc8aff588ddfad3b09bb88bc4652,2016-11-11 10:52:50,1,1,3,1.4389172002848467,468,0,0.0,1,0.0,0,2828.0,0.0,16,0,0,0
e453adaf81183634e6f3b7ed6b99e85c88e59c59,2016-11-11 15:53:37,1,1,2,0.1773894531859974,96,54,281.5,13,1.0368171296296296,2,2830.5,1.7233676784139491,791,1,0,0
9b0987d8c4a7269c0c03ef1e75451a8657a9c6db,2016-11-11 17:32:47,1,1,2,0.16386051286915845,72,94,302.5,13,0.06886574074074074,4,2832.5,11.890756302521007,793,1,0,0
6e1492a86c780d40c0c3b8c99259f2dc34e23f15,2016-11-11 18:10:26,1,1,1,0.0,1019,0,0.0,1,0.0,0,2834.0,0.0,3,0,0,0
9cc0c8badd0a53815fad305985fa561f95ce6ec6,2016-11-11 18:10:57,1,1,1,0.0,2,1,498.0,13,0.026504629629629628,3,2835.0,38.72925764192139,794,0,0,0
b9770766a854a249fe45af55d6ab35f7c00ebf8e,2016-11-11 18:19:29,1,1,9,1.976816977649667,1636,0,0.0,1,0.0,0,2840.0,0.0,25,0,0,0
22fc92f9d87d81c70770492950d13907917ca0ba,2016-11-11 18:32:55,1,1,1,0.0,11,3,499.0,13,0.015254629629629632,4,2845.0,66.55386949924127,795,0,0,0
5685131fe23379d029f5f83226f925ea9c1f4cec,2016-11-11 19:08:01,1,1,4,1.2839186608434776,253,0,347.5,6,300.44086226851846,36,2847.5,0.5008278046261501,799,1,0,0
5685131fe23379d029f5f83226f925ea9c1f4cec,2016-11-11 19:08:01,1,1,4,1.2839186608434776,253,0,347.5,6,300.44086226851846,36,2847.5,0.5008278046261501,799,1,0,0
5685131fe23379d029f5f83226f925ea9c1f4cec,2016-11-11 19:08:01,1,1,4,1.2839186608434776,253,0,347.5,6,300.44086226851846,36,2847.5,0.5008278046261501,799,1,0,0
5685131fe23379d029f5f83226f925ea9c1f4cec,2016-11-11 19:08:01,1,1,4,1.2839186608434776,253,0,347.5,6,300.44086226851846,36,2847.5,0.5008278046261501,799,1,0,0
d0124eac95e1b649f09b223d20ca543044ae909a,2016-11-12 08:36:27,1,2,2,0.7138146621637208,164,35,339.0,13,0.573599537037037,6,2850.5,2.2893966625516926,801,0,0,0
03b3834fe3b258271196780d3d1b8d50eb873b18,2016-11-12 09:07:42,2,3,4,0.13006012072076212,130,0,316.5,14,13.882528935185185,73,2853.5,0.9439823942122774,802,0,0,0
57124b9b2509a177040a259b975723f79befa27e,2016-11-12 09:18:21,1,1,2,0.6500224216483541,6,0,465.5,12,40.48203703703704,7,2856.5,1.0269667900381247,1807,0,0,0
20daf82463fd92fafec6e949cf7040bc5c699acc,2016-11-13 18:44:10,1,2,6,1.9780335147393049,570,3,187.16666666666663,13,100.69408564814816,27,2860.5,1.2643855566113176,808,1,1,1
b5130a3b35742148848fdea581bfb0baa06ea95e,2016-11-13 18:46:55,1,1,1,0.0,2,2,947.0,12,25.484756944444445,55,2864.0,1.039239142134255,809,0,0,0
09544d0698a9375a638bd1c6000cb5b08e3c0b4e,2016-11-13 19:19:52,1,1,2,0.5032583347756457,13,5,120.0,13,0.02479166666666667,2,2865.5,31.252100840336126,811,0,0,0
26870f223d66e9f5237b71222a010afcb73bc6cf,2016-11-13 23:18:14,1,1,4,1.1873129469377854,1404,0,0.0,1,0.0,0,2868.5,0.0,29,0,0,0
14c7cf419733c8f4488eaaca23f274dc96e8a409,2016-11-13 23:18:59,2,3,4,1.0008110171036395,66,13,672.0,14,4.478350694444446,78,2872.5,482.9744445402099,814,1,0,0
0c25f3b1d6d971d88b68c57c437ce975cec45360,2016-11-13 23:20:09,1,2,2,1.0,10,10,1318.0,14,0.0008101851851851853,78,2875.5,926.7142857142856,816,1,1,1
e59552c2ecba489eb1c0a074208d61fb65416098,2016-11-14 07:58:47,2,2,2,0.9837082626231856,34,6,497.0,11,4.757361111111111,16,12.5,1.1576504247803112,4,1,0,0
765fe3cdfe678d9f5e089386f7150ee5a2d0eeed,2016-11-14 07:58:47,2,2,2,0.9837082626231856,34,6,320.5,11,4.757361111111111,9,6.5,1.1576504247803112,2,1,0,1
f3d6ecf07be360fb9c711ddd1b709fb66d46c3ac,2016-11-14 07:58:47,2,2,2,0.9837082626231856,34,6,144.0,11,4.757361111111111,2,0.5,0.5525501415934371,0,1,1,1
fdf5d68f9ffb10fe34a88221205ec5f966b539ca,2016-11-14 09:27:33,1,1,1,0.0,13,9,2355.0,14,0.4218055555555555,77,2877.0,3.37076061903194,817,0,0,0
5f94b318062bcf88c76276c1cb9558dffb1fc048,2016-11-14 10:11:41,1,7,16,2.8690073092399686,6461,0,0.0,1,0.0,0,2885.5,0.0,46,1,0,1
1c68e42ecc02cf2cc8be70a75b373b7d53ee05d7,2016-11-14 13:43:28,1,1,1,0.0,0,1,22.0,14,0.6003356481481481,2,2894.0,2.6657348319805667,47,0,0,0
f040f15218d286ed74281206dff4160a732e0f75,2016-11-14 16:11:12,1,1,2,0.3912435636292557,31,21,27.5,11,2.7206365740740743,3,2.5,2.554066600381585,2,0,0,0
b912db5c73a155cc1cd1a18d4eab6111b6f908bb,2016-11-14 16:11:12,1,1,2,0.3912435636292557,31,21,60.0,11,2.7206365740740743,8,8.5,2.554066600381585,6,0,0,0
ef8d50733883c8f8c8d2014f016a2f2dbc7abc55,2016-11-14 16:11:12,1,1,2,0.3912435636292557,31,21,92.5,11,2.7206365740740743,13,14.5,2.554066600381585,10,0,0,0
950442b8b1511d1ea1c307eeb95310b519157781,2016-11-15 21:53:28,1,1,1,0.0,28,19,281.0,14,1.9398032407407408,3,0.0,0.0,0,0,0,0
e57ae1ce3f7e4be96e972cd1ab9f83f667e23b25,2016-11-16 12:45:13,1,1,1,0.0,3,3,157.0,13,2.7259375,2,2895.0,1.3668462684856126,818,0,0,0
705f66aaee7a7c77920b58cf7a1d92e69cd01d3f,2016-11-16 13:24:41,1,1,2,0.41381685030363374,4,8,223.5,14,0.3370428240740741,7,2896.5,19.98498874898662,820,0,0,0
4641c9e5684422a1a609e63a67a27881b7b36c61,2016-11-16 13:36:13,1,2,2,0.3936164041111624,116,0,0.0,1,0.0,0,1.5,0.0,1,0,0,0
f6179939444fb37b117db33ef4a7fb08cdf52549,2016-11-16 13:52:27,1,1,1,0.0,11,6,287.0,14,0.019282407407407408,5,2898.0,52.860744297719094,821,0,0,0
683f514fac6a4b0df938e60e4510dd26d9bab09f,2016-11-16 14:22:20,2,9,10,3.0759675936008186,31,145,93.1,14,1.8320821759259256,14,2903.5,1.1376618386717083,822,1,0,1
22d93fe8fbab33182ac0403d053f6b2def9ef3eb,2016-11-16 14:31:10,1,1,5,2.3219280948873617,5,5,0.0,5,208.70566666666667,10,2911.0,1.0021812672615211,827,0,0,0
94f14ab0510c12e9fb499a067dffb3d5fb18c37a,2016-11-16 15:34:32,1,3,5,0.719957009316837,249,8,21.4,1,0.01643287037037037,1,5.0,2.6341456543175097,6,0,0,0
16c8a307e5365f3c5a6ffdbcb6420241a5ff5b44,2016-11-16 15:39:02,1,1,3,0.3946835562454195,0,240,80.0,1,0.003125000000000001,3,9.0,196.55555555555557,9,0,0,0
2e7fd513d4f9f0edf7a04a0b61137e5d8b735eb5,2016-11-16 16:42:01,1,1,5,1.6907126352749584,386,20,0.0,1,0.0,0,2916.0,0.0,61,0,0,0
b45d1e37ef0e264d2fef879646221fe4346096e5,2016-11-16 16:46:00,1,1,4,0.24804323334488115,46,51,602.25,15,9.259563078703703,55,2920.5,1.1295181054117605,1811,0,0,0
07e46b797a29915672cc4235a707872342ddc8ce,2016-11-16 20:27:14,2,2,14,3.1034307032485886,82114,3,5.928571428571429,15,0.20576636904761905,2,17.5,0.2886716429475424,3,1,1,1
0102c5dadc3bd8b54e8cec27ad4d3ad195414e13,2016-11-16 20:38:53,1,1,5,2.000682883352286,1,40237,8052.4,15,0.008090277777777778,5,27.0,57.44635193133047,15,0,0,0
9f313aac75f9da8cd3319706976ddd8e5d3d454b,2016-11-16 20:43:41,1,1,8,2.4843651487770484,4307,36071,5041.5,15,0.007378472222222224,12,33.5,33.09523164517239,23,0,0,0
8756a1017dc8eb46f8917c68b7cac620611d8df4,2016-11-17 08:58:22,2,5,11,2.801144163636495,114,79,954.8181818181821,13,80.00640677609428,138,5185.0,1.0046250462662083,589,0,0,0
19ac9d29599557ff643bef84b3abee6a022e302b,2016-11-17 09:31:07,2,2,9,3.0590667504686966,77,77,994.0,15,0.5342091049382716,21,42.0,1.5897485301556151,4,0,0,0
5ac2d9532ed68806510c0a758f91d864a80f56dc,2016-11-17 09:43:44,2,2,11,2.1470668273259466,41,4279,873.5454545454545,15,0.3861742424242424,41,52.0,23.29768794092421,5,0,0,0
5c64934bc812563003e2c566e1787260c4a9b75b,2016-11-17 10:40:10,1,1,1,0.0,101,0,0.0,1,0.0,0,58.0,0.0,10,0,0,0
747c95c525286125e44cb3fdbe676ba5020864f0,2016-11-17 11:00:49,1,1,2,0.9967916319816366,27,18,100.5,15,0.3873148148148148,4,59.5,2.303114113004626,12,0,0,0
4a3091f844efab3aa766559d3784ba651fca7774,2016-11-17 11:24:29,1,1,5,2.0113980242222107,2054,4054,871.6,15,0.17897222222222214,18,63.0,2.3480671111516003,46,0,0,0
2a026c9ad8ea8e28cef6b6ecf491e3b546831bde,2016-11-17 12:53:25,1,6,16,3.672081364056196,8391,3363,211.375,15,0.07033564814814815,25,73.5,5.845123617849642,62,0,0,0
25d7be5f3dd52f3e0be94ba73ffd7889dfec617b,2016-11-17 16:11:30,2,3,9,1.4795799674416987,21,21,261.5555555555556,15,88.4969547325103,85,5195.0,1.0019167662686936,590,0,0,0
4b51719e67c2015551416cdda65cf85b66781b8f,2016-11-17 16:51:35,2,2,2,0.9182958340544896,3,3,200.0,14,8.044270833333334,1097,5200.5,1.0932340563289091,591,0,0,0
635f3ce128ec1c15a0dfbf55b96e93e4054cc184,2016-11-18 08:09:24,1,5,5,2.268928912415184,26,26,129.2,1,330.0625324074074,9,2925.0,1.0015352506867998,66,0,0,0
c78914e7b334c319f03514b797fd847c9ebdcd9f,2016-11-18 09:21:50,1,1,2,0.3912435636292557,48,4,242.0,5,389.2951215277778,10,2928.5,1.0019416898817513,829,0,1,1
176cde8ed32b7674ccf72f2f5902319e932c3d57,2016-11-18 15:36:38,2,2,2,0.8739810481273578,17,17,106.0,15,1.494866898148148,3,2930.5,1.5868642211150172,830,0,0,0
d787afcca964974049de55d6194d233d3c5bf4b8,2016-11-18 15:37:49,1,1,1,0.0,1,1,174.0,12,28.189212962962962,19,2932.0,1.0354745626035702,1813,0,0,0
a5bde82e3759da86c46cbb1abd1bb7dff08cdcd1,2016-11-18 15:38:11,1,1,1,0.0,2,0,1037.0,15,1.2461458333333333,13,2933.0,1.8024742957452144,831,0,0,0
e175a18bdbd0c51ac2a40a80ada45bdb773caa01,2016-11-18 16:18:47,1,1,1,0.0,5,4,574.0,12,23.05954861111111,7,2934.0,1.0433659833010849,832,0,0,0
2383c31f1565ff870672e3d3de3fc125f06d4d27,2016-11-18 23:58:57,2,7,18,1.7616384637583011,3059,4,46.944444444444436,13,4.791810699588479,16,699.5,0.7904142544209461,33,0,0,0
230b29eae652474532947ec554db99ee2c2bf35d,2016-11-19 11:47:12,1,1,1,0.0,2,2,1202.0,15,1.733125,40,2935.0,1.576992426974396,1814,0,0,0
87a5a35bad564f50e9fbf7d04c7529c79e55e4c0,2016-11-20 00:44:23,2,2,2,0.5032583347756457,14,4,285.0,11,22.79380787037037,13,4.5,1.0222808872934144,2,0,0,0
9e9d9d5aa541d0f484929b5d38cf7d98277307aa,2016-11-21 11:34:42,1,121,314,2.7633611090484758,12153,1301,69.5031847133758,5,73.26078652099558,693,3092.5,1.0000944544057446,386,1,0,0
dab232c542c1ffe754294d9a1cbd9afd858f0c2b,2016-11-21 12:02:17,2,7,9,2.037856171234404,2571,2304,492.5555555555555,15,2.959787808641975,12,86.0,1.0811785269718497,8,0,0,0
3dff9f20184e2ae44d7c9a957704f4e50ae3b5e7,2016-11-21 12:05:30,1,1,2,0.8142888743456993,0,262,131.0,15,0.0022337962962962962,2,91.5,336.7512953367876,10,0,0,0
1d939231a49dde46e9e1d18084f23fb189e8e055,2016-11-21 12:21:01,1,2,5,1.1799215074617442,2505,0,23.6,6,49.62090972222222,11,78.0,1.004030558913966,48,1,1,1
8f78157202299a5bf9d860c90f30c8340d2d0cfc,2016-11-21 12:32:48,1,1,1,0.0,2,0,1872.0,6,0.00818287037037037,1,81.0,123.20650636492222,49,0,0,0
78932159642f6e674e4f1c5db44d04b2e82a518f,2016-11-21 12:46:43,1,1,2,1.0,2,2,230.5,15,4.408015046296296,5,3250.5,1.1635479852281156,834,0,0,0
78932159642f6e674e4f1c5db44d04b2e82a518f,2016-11-21 12:46:43,1,1,2,1.0,2,2,230.5,15,4.408015046296296,5,3250.5,1.1635479852281156,834,0,0,0
78932159642f6e674e4f1c5db44d04b2e82a518f,2016-11-21 12:46:43,1,1,2,1.0,2,2,230.5,15,4.408015046296296,5,3250.5,1.1635479852281156,834,0,0,0
78932159642f6e674e4f1c5db44d04b2e82a518f,2016-11-21 12:46:43,1,1,2,1.0,2,2,230.5,15,4.408015046296296,5,3250.5,1.1635479852281156,834,0,0,0
75907916045ff25745389db4b11773c820bc13de,2016-11-21 13:54:14,1,1,2,0.3553775675112021,2009,0,0.0,1,0.0,0,2741.5,0.0,286,1,1,1
75907916045ff25745389db4b11773c820bc13de,2016-11-21 13:54:14,1,1,2,0.3553775675112021,2009,0,0.0,1,0.0,0,2741.5,0.0,286,1,1,1
75907916045ff25745389db4b11773c820bc13de,2016-11-21 13:54:14,1,1,2,0.3553775675112021,2009,0,0.0,1,0.0,0,2741.5,0.0,286,1,1,1
75907916045ff25745389db4b11773c820bc13de,2016-11-21 13:54:14,1,1,2,0.3553775675112021,2009,0,0.0,1,0.0,0,2741.5,0.0,286,1,1,1
0ffa50f8e87afb6b3132240530a0e4505a2e3262,2016-11-22 08:15:13,1,9,14,3.563074189428569,28,22,800.1428571428571,12,149.15794394841274,147,5208.5,1.0073175606132314,605,0,0,0
b95f255af4d488530a40a49d5112ae5f254be84a,2016-11-22 08:47:44,2,2,6,1.6120289988002934,82,79,358.5,15,4.764467592592593,95,5218.5,1.1109744374027175,608,0,0,0
59d100ab57f67362e7a42d6f45006e2fd1372472,2016-11-22 09:23:02,2,2,4,1.6494003762381346,15,8,152.75,15,2.3565104166666666,1108,5223.5,1.1856587437503705,609,0,0,0
ae70f1090f187e161e2a3e81d4c8779eabd11a36,2016-11-22 12:05:14,1,1,1,0.0,78,0,0.0,1,0.0,0,93.0,0.0,69,0,0,0
d58dd4f159896f5f51be536daa8ca694c59949bd,2016-11-22 12:13:20,1,1,1,0.0,1,2,169.0,14,5.910416666666666,2,94.0,1.1691928093056043,70,0,0,0
237307eda2385b23b79743577826ae76a4fed914,2016-11-22 12:16:00,1,1,1,0.0,8,5,78.0,1,0.007476851851851852,1,95.0,134.74613003095976,71,0,0,0
df46b9aa38fcca91ae653a62f20eb13b77c08957,2016-11-22 15:25:59,1,1,4,1.6644977792004616,7,7,152.75,15,3.827068865740741,52,3253.5,2.3664963769279255,838,0,0,0
87781771baf83a661ce2f77fd5624bbbc2ea5563,2016-11-23 09:02:32,1,1,1,0.0,5,5,1203.0,15,0.9269444444444443,42,3256.0,2.0788133053641,1815,0,0,0
87781771baf83a661ce2f77fd5624bbbc2ea5563,2016-11-23 09:02:32,1,1,1,0.0,5,5,1203.0,15,0.9269444444444443,42,3256.0,2.0788133053641,1815,0,0,0
87781771baf83a661ce2f77fd5624bbbc2ea5563,2016-11-23 09:02:32,1,1,1,0.0,5,5,1203.0,15,0.9269444444444443,42,3256.0,2.0788133053641,1815,0,0,0
87781771baf83a661ce2f77fd5624bbbc2ea5563,2016-11-23 09:02:32,1,1,1,0.0,5,5,1203.0,15,0.9269444444444443,42,3256.0,2.0788133053641,1815,0,0,0
6759630c1680be7f21cfc9084aca6c64c74161e4,2016-11-23 17:08:36,1,1,1,0.0,5,1,1006.0,12,35.39344907407408,60,5226.0,1.0282538160637331,610,0,0,0
6759630c1680be7f21cfc9084aca6c64c74161e4,2016-11-23 17:08:36,1,1,1,0.0,5,1,1006.0,12,35.39344907407408,60,5226.0,1.0282538160637331,610,0,0,0
6759630c1680be7f21cfc9084aca6c64c74161e4,2016-11-23 17:08:36,1,1,1,0.0,5,1,1006.0,12,35.39344907407408,60,5226.0,1.0282538160637331,610,0,0,0
6759630c1680be7f21cfc9084aca6c64c74161e4,2016-11-23 17:08:36,1,1,1,0.0,5,1,1006.0,12,35.39344907407408,60,5226.0,1.0282538160637331,610,0,0,0
470908fc939d6dba2c665c4de3b46060dd6e283f,2016-11-24 05:46:15,1,1,1,0.0,1,0,329.0,12,28.62028935185185,21,3257.0,1.034940247727974,839,0,0,0
02ae2d218af54beb0fe67fc6f55d6e7c33851975,2016-11-28 11:34:22,1,1,27,4.754887502163472,27,27,57.33333333333334,13,139.78096322016458,52,3271.0,1.0014005660183236,1842,0,0,0
91e38720d5d69052cc92cd2344126b81d97c4aca,2016-11-28 14:25:02,1,3,7,0.9502367867790176,1331,2,330.2857142857143,14,20.65309523809524,162,3.0,0.8667911905370932,6,1,1,1
6d94439cfe6f9f4cfd00a04b7e45d89693ffac46,2016-11-28 14:42:47,1,2,4,0.9182958340544896,6,0,328.5,14,0.006163194444444443,30,8.5,71.98591549295776,10,0,0,0
fe99fc287d2f310d0bb6fc5d9e113671919283ed,2016-11-28 15:29:37,2,2,2,0.97366806454962,35,7,149.5,11,16.69175925925926,3,4.5,1.041196038380919,1,1,0,0
f209c8c129fee44f494a9e91042b245964e66865,2016-11-28 15:29:37,2,2,2,0.97366806454962,35,7,502.5,11,16.69175925925926,15,16.5,1.041196038380919,5,1,0,1
d43bd57a40d956157ce6e49bb43a86b4d1866cae,2016-11-28 15:29:37,2,2,2,0.97366806454962,35,7,326.0,11,16.69175925925926,9,10.5,1.041196038380919,3,1,1,1
5ff5bc2a6ce2c49530d149470c3d9513ed09561e,2016-11-28 21:34:35,1,2,3,0.8343470230852537,11,6,423.33333333333326,15,81.67503472222222,26,3286.0,1.0042232052426314,842,1,0,0
42d430168b8affa057d864915db39a2d63c17f46,2016-11-29 07:24:09,1,1,1,0.0,1,1,73.0,11,73.83614583333333,4,3288.0,1.013543502152147,1843,0,0,0
789e62388f4444761991f26975ef02e68e0ee1f4,2016-11-29 09:03:53,1,1,1,0.0,4,4,353.0,12,0.09483796296296296,11,3289.0,11.544300707835,843,0,0,0
1d970d3cdf5031fcf448cb3cb2f5e63895c34da5,2016-11-29 12:15:39,1,1,2,0.2761954276479391,20,1,191.5,12,214.6368634259259,13,0.5,0.5011647579824343,1,0,0,0
7d098bff90d4d28fb3df22f0fcbb2d5edfda0746,2016-11-29 12:47:19,1,1,1,0.0,1,2,354.0,12,0.02199074074074074,10,2.0,46.47368421052632,2,0,0,0
7ddb6670c02a11b28b0afa336c47746f32e78d81,2016-11-30 00:12:35,1,1,1,0.0,1,1,10.0,4,396.393113425926,3,3290.0,1.0025227481662262,387,0,0,0
beb5a30f6750b7592cef773aa47b1ed5520fa9a2,2016-11-30 14:01:27,2,2,9,1.5041379059671225,914,5,493.77777777777777,15,26.868443930041156,221,5231.0,1.0272658366822158,615,0,0,0
fb3f597f411cab86c208716be170b6e4da5e4a12,2016-11-30 14:04:41,2,2,2,0.9182958340544896,3,3,200.0,15,8.195590277777779,1101,5236.5,1.0915126274715825,616,0,0,0
6e6776f39635b1b69dab532bced2b0d95f150d62,2016-11-30 16:25:07,1,2,3,0.36637736582042985,2,2009,755.0,14,6.772858796296295,33,83.0,1.2139985823219648,52,0,0,0
45b85b1686e42a8fc00471e896bbe2b67895b238,2016-12-01 14:50:11,1,1,2,0.1923103875732936,186,152,184.0,11,12.507835648148149,4,5238.5,1.18818950014324,618,0,0,0
16b15a636cfc1331780a6e796864110df74428d7,2016-12-01 14:50:11,1,1,2,0.1923103875732936,186,152,385.0,11,12.507835648148149,10,5290.5,1.18818950014324,665,0,0,0
07d9f9d66e19ca17a824e309f123272a26f9d3ad,2016-12-01 14:50:11,1,1,2,0.1923103875732936,186,152,586.0,11,12.507835648148149,16,5300.5,1.18818950014324,672,0,0,0
5f78c2b6a50f4186d42f444984d7c5321874d262,2016-12-01 15:14:47,1,1,1,0.0,1,0,0.0,1,0.0,0,0.0,0.0,0,0,0,0
ee4d1b340b7c45ec8de2e819379b04ca03dab01f,2016-12-01 15:14:47,1,1,1,0.0,1,0,2.0,1,0.0,2,2.0,0.0,2,0,0,0
544e23f9714f93dd06ebb2f6970e2cdfa37a7162,2016-12-01 15:14:47,1,1,1,0.0,1,0,1.0,1,0.0,1,1.0,0.0,1,0,0,0
8318c6781697cdb8dd88a3208758c367295a99d2,2016-12-07 13:00:27,1,2,60,3.7836501389143455,1738,1275,534.0,14,136.44846855709878,692,40.5,1.0043392710231305,70,1,1,1
d3d5ac17bf671c093c35fff5e46ff3a6d6863a00,2016-12-07 19:37:51,1,1,1,0.0,3,3,183.0,11,85.19043981481481,4,1.0,1.0117384063537385,0,0,0,0
9b48c49f8348560037c98fb38b86b346838d6936,2016-12-08 09:18:55,1,1,1,0.0,0,875,875.0,13,33.974201388888886,9,71.0,1.0294340987902382,71,0,0,0
435421301b0b851f1b73c04885f63e2f09c20475,2016-12-09 08:37:01,1,1,2,0.8112781244591328,4,4,251.5,14,1.817060185185185,29,72.5,1.4127546275653846,73,0,0,0
435421301b0b851f1b73c04885f63e2f09c20475,2016-12-09 08:37:01,1,1,2,0.8112781244591328,4,4,251.5,14,1.817060185185185,29,72.5,1.4127546275653846,73,0,0,0
435421301b0b851f1b73c04885f63e2f09c20475,2016-12-09 08:37:01,1,1,2,0.8112781244591328,4,4,251.5,14,1.817060185185185,29,72.5,1.4127546275653846,73,0,0,0
435421301b0b851f1b73c04885f63e2f09c20475,2016-12-09 08:37:01,1,1,2,0.8112781244591328,4,4,251.5,14,1.817060185185185,29,72.5,1.4127546275653846,73,0,0,0
ddf678da516148ac010355d552802bd2cac7735a,2016-12-09 14:30:27,1,1,1,0.0,1,1,355.0,11,64.02061342592593,3,3291.0,1.0156199690457048,1844,0,0,0
cdcebab3bd632a14756aa432fc172022a31e5990,2016-12-09 14:43:56,1,1,1,0.0,7,8,938.0,14,1.9885300925925928,57,3292.0,1.5028840165532655,844,1,1,1
eff503e56c1f524dcf76687838c40984bec2d3e6,2016-12-09 15:39:46,1,1,1,0.0,1,0,2028.0,14,2.0689699074074075,160,85.0,1.4833323077439458,53,1,0,0
5187cb97e5f15db89405df77a8355b9f59fd46b3,2016-12-09 15:42:27,1,1,4,1.2109084075058656,23,8,445.5,12,39.05814236111111,35,87.5,1.0139858498233831,57,0,0,0
43c459ba56948da331446e3e7357691b3b95e177,2016-12-09 15:56:55,1,2,7,2.232367240283769,146,27,516.1428571428571,14,1.2205373677248677,196,77.0,1.2242431739521986,80,1,1,1
a31b00965a818835a6c1b5d57f0c5e2e42a389ba,2016-12-12 09:18:20,1,2,8,2.4524743200187222,114,77,713.625,14,4.104735243055557,151,84.5,1.1014157630659596,88,1,1,1
770f5d0bf73663c524afa4214b068d6ea2136467,2016-12-12 09:24:37,1,1,1,0.0,3,0,2043.0,14,2.7275694444444443,162,89.0,1.3666267790309852,89,1,0,0
baf55c90f472347bc2d8fe3f374df27d6877047e,2016-12-12 09:25:41,1,1,1,0.0,0,4,2046.0,14,0.0007407407407407407,163,90.0,1351.0,90,0,0,0
13b6196b82352dc8f3ca427e6afa6467de674d7b,2016-12-12 10:47:39,1,1,1,0.0,9,17,422.0,14,0.06202546296296296,22,91.0,17.122410897555515,91,0,0,0
fda43c00fd99dc2d14bf4ada441fe7677a6121bd,2016-12-12 13:22:54,1,1,1,0.0,1,0,453.0,11,79.88118055555556,16,3293.0,1.0125185931535463,845,0,0,0
ae5764beac4e3ebfe4936716d63d28ca4629cd5b,2016-12-13 16:22:17,2,5,28,3.780845953144388,381,155,559.3214285714286,15,84.2974995866402,776,5253.5,1.002841261007045,645,1,1,1
1dbf6d443f45a96887c02999bec3832d3c534b61,2016-12-13 16:43:40,1,3,16,2.807571291428084,2493,805,299.1875,14,77.37421513310184,104,99.5,1.0181753803370526,107,1,1,1
f93c62d3e20301ea53e41a5a6f50b8aa9957d942,2016-12-13 16:54:00,1,1,1,0.0,2,4,1026.0,14,0.007175925925925927,9,108.0,140.3548387096774,108,0,0,0
f509f133afd9bdeed268de1582ca0adb4f4e0692,2016-12-13 17:14:28,2,5,14,2.8308097652230697,484,32,696.1428571428571,16,75.76685515873014,1517,5274.5,1.012445185142266,658,1,0,0
3e2cd6d265db7bbbe97cc2dc00977cead964e67c,2016-12-14 11:46:04,1,2,8,1.6384075009415493,2,51,516.75,14,29.391008391203705,59,112.5,1.2078874202136154,116,0,0,0
a9d26b3f4aadbf8e7a7aa91190d513b6a02217d2,2016-12-14 12:58:02,1,1,6,1.5377481311703198,145,72,469.16666666666674,14,0.5788657407407407,11,119.5,1.5683864629150677,122,1,1,1
bfcab72268bf4eba75002d0d62cb1694d2ad5d3e,2016-12-14 15:24:55,1,1,1,0.0,4,0,122.0,16,0.8405902777777777,25,3294.0,2.1896402164484283,846,0,0,0
da2ad5b6e0bd23f14ead8fc3e4eb2124533aaccc,2016-12-14 15:51:12,1,1,1,0.0,0,2,1207.0,16,0.8588425925925925,19,3295.0,2.164357716565145,847,0,0,0
a58f7631c09609bb4ab51dd1bfdabccb98c4b353,2016-12-15 10:57:02,1,1,1,0.0,4,2,993.0,11,13.838090277777773,12,18.0,1.0722643067017616,6,1,0,1
c0d6cbbdd3f135578b584525c92e447c663e2e1b,2016-12-15 11:18:50,1,3,10,1.6018265436435069,534,200,749.1,14,90.42832407407408,41,127.5,1.0268644235594355,132,1,1,1
d5f8f36442bfc14ba49c4090f465f87afc65a24e,2016-12-15 15:48:09,1,1,2,0.9182958340544896,5,4,383.5,6,168.57614583333333,36,133.5,1.0061144610425832,134,0,0,0
a3c1d385e84a68721433eaaf318513962c489657,2016-12-15 15:50:30,1,1,3,1.0740070120966374,164,0,89.66666666666669,14,0.6543595679012345,35,136.0,1.5094039266552681,137,1,1,1
925481c3f40d1ceb86cf936663e0f4f1cae00a6c,2016-12-15 16:46:25,1,1,1,0.0,36,10,1133.0,14,17.014849537037033,10,90.0,1.058772191774206,58,0,0,0
fed629c23e561d9981eeb821d7a3d2cf05d14614,2016-12-15 17:10:13,1,1,4,1.1081907532244362,44,33,743.5,14,88.64901041666668,25,92.5,2.559229061692843,62,1,0,0
0a90492c4447a54d9518260231dfa35c0b1d6d84,2016-12-15 17:39:15,1,1,2,1.0,8,0,93.5,5,180.9520833333333,6,95.5,1.004144743659118,64,0,0,0
eff7238ff224123c847ea312c77dc4facb8a8db9,2016-12-15 17:43:04,1,1,3,1.584962500721156,6,6,456.66666666666674,14,34.78398919753086,23,100.0,1.0114238138638287,69,0,0,0
f47a40b2e4ead7248c601129c9e8a5d82deac91b,2016-12-16 10:02:01,1,2,2,0.9587118829771318,18,3,1273.0,14,33.93921296296296,153,138.5,1.0354286459883553,139,0,0,0
d93e3d1cee93983df5e1c0707b4957d2bc138e9a,2016-12-16 10:06:12,1,2,4,1.6290562632939265,23,10,628.75,14,43.41822337962963,21,141.5,1.5755251150787344,143,0,0,0
126fb22e9355721931fbb064f0b2cf2166043a3d,2016-12-16 10:08:30,1,1,2,1.0,2,2,155.0,14,2.6422453703703703,7,97.5,1.2838494896841737,66,0,0,0
e364b80724ae4258e0f3eedbf49236a69fbf0c25,2016-12-16 10:24:25,2,4,6,1.9355881858758628,50,6,1328.8333333333333,16,168.43762924382716,247,5304.5,1.004782617279912,677,0,0,0
3027ac92507e3e10b7b413553434fd236c1ed5f2,2016-12-16 10:30:57,2,2,2,0.9182958340544896,3,3,200.0,16,2.7197800925925932,1105,5308.5,1.275757588653086,678,0,0,0
0a176841e7cdf64262063f9c334e8052defd4c73,2016-12-16 11:35:42,1,1,2,1.0,2,2,25.0,5,403.9686400462963,7,5310.5,1.0035980578765056,680,0,0,0
81a2db8a0cbc8059d5b5336423e36f17e831280c,2016-12-16 11:36:54,2,2,2,0.9182958340544896,3,3,200.0,16,0.04579861111111111,1107,5312.5,17.37604245640637,681,0,0,0
cfa61b98aec5951824affe4057f81e022868d470,2016-12-16 12:37:41,1,1,2,0.6765166606122367,157,28,281.0,14,1.5203125,5,144.5,1.6384827380454752,145,1,1,1
5cae3eca8c43fc9712a28776e1d196b638d8216c,2016-12-16 17:09:19,1,1,1,0.0,44,44,573.0,12,7.1019907407407405,9,146.0,1.140805590503445,146,0,0,0
ac57f4721cea7db41b6b964d6fb4a772fa5c5202,2016-12-16 17:14:27,1,1,1,0.0,1,1,573.0,12,0.003564814814814815,10,147.0,281.5194805194805,147,0,0,0
f6f2170369e99965a35175f4b65e62eb5ddb6305,2016-12-19 11:28:24,1,1,3,0.8060767228157301,231,0,90.33333333333331,15,1.2726620370370372,36,1.0,0.8412787912960705,2,0,0,0
a1b441a71fa7fec16cc12c5c3cbe880277f3cb74,2016-12-19 12:02:12,1,1,2,0.2608629096472068,67,69,587.0,15,52.05873263888889,19,3.5,22.306577416200376,4,0,0,0
ca30c1ec8850578bc9abbca4e8602fd4bd9b9972,2016-12-19 13:08:09,1,2,5,1.4710919195669403,27,13,516.0,17,49.78241666666667,173,7.0,7.1561565472389095,9,0,0,0
c7ac9e79cb9e480be3bf25147a4344c69637ae52,2016-12-19 13:17:22,1,1,2,0.512709142030877,25,10,117.5,17,0.006400462962962964,5,10.5,118.17902350813742,11,1,0,0
21bb603b93181e4551ebc69fc0e225bf055cd21d,2016-12-19 13:30:00,1,1,3,0.8513226827573213,47,14,616.0,14,3.0713966049382715,14,149.0,1.2008485147643724,150,1,1,1
3f1f51c1c7551165d023f8269663e45a0ccb08c3,2016-12-19 13:31:09,1,2,2,0.9852281360342516,2,5,1429.0,14,23.077939814814812,86,151.5,1.138020363412795,152,0,0,0
2ba424e1a36e46871eda4eec59bcac4bb8772cd3,2016-12-19 15:11:52,1,1,1,0.0,43,43,573.0,12,2.831539351851852,11,102.0,1.3531647897974617,70,0,0,0
000df6e1cf3ebf6cfccc69268aafd60ed1fba1b0,2016-12-19 15:20:10,1,1,1,0.0,2,2,1758.0,11,102.0999074074074,15,153.0,1.0097943281771031,0,0,0,0
99910fc43241df916648ad24253f8c757a1b711c,2016-12-19 15:27:16,1,2,7,1.3510894434774752,737,227,134.0,15,11.083093584656083,55,157.0,2.0269950806335806,159,1,1,1
6f51c3b75c49e4777304e6f926ad53f4792e2ce1,2016-12-19 16:25:31,1,1,2,0.7219280948873623,0,5,607.0,14,4.212974537037037,7,161.5,1.1780214889519534,161,0,0,0
f62a6fe5a55d17cb95d0a3088d2c5d7f7f10b0ee,2016-12-19 16:50:22,1,1,3,0.9182958340544896,3,3,16.0,15,0.01923611111111111,1,164.0,18.328519855595673,164,0,0,0
889ee78f8ba0587020cffe61d5a6cb6515f2e4c6,2016-12-19 17:15:02,1,1,1,0.0,8,7,138.0,14,3.2978009259259258,4,166.0,1.3032323728635102,165,0,0,0
590f3175509105bbbcd113b225fb3fc4ccef913f,2016-12-20 11:03:16,1,1,2,0.4394969869215134,0,11,125.0,17,0.906875,7,12.5,1.827015851137147,13,0,0,0
c4e02a5d2b609bce4b4fabd1f6be851cd4d12566,2016-12-20 11:17:11,1,1,10,2.7172273023973537,26,26,459.8,14,62.126814814814814,51,107.5,1.008551796504834,80,0,0,0
386c12c970c1e27f6506d1a8df6fe4014821cb39,2016-12-20 16:09:29,1,1,1,0.0,71,0,0.0,1,0.0,0,14.0,0.0,14,0,0,0
2ceee6b9be3a2e7b273410b053533a1f18a68e48,2016-12-20 16:19:17,1,1,2,0.22853814395352806,14,13,173.0,15,0.5214641203703704,39,15.5,1.961987705795444,16,0,0,0
b2b33cca16aa7d4d224d99981eee368108ef37b5,2016-12-20 16:30:21,1,1,2,0.8112781244591328,10,14,119.5,17,0.2271412037037037,9,17.5,4.301910828025478,18,0,0,0
8b5e15e979da1d4822558f5b1c4c3370834ead5b,2016-12-20 16:30:50,1,1,1,0.0,125,0,0.0,1,0.0,0,19.0,0.0,19,0,0,0
35803c75c970c4f978a8623a1364fbce8e337126,2016-12-20 17:03:46,1,1,3,0.7882294993021174,65,29,627.0,14,1.148449074074074,17,168.0,1.5321185979481182,168,1,1,1
992becc75feaab346467866c2ada94f8eb526f67,2016-12-21 08:00:42,1,1,1,0.0,4,0,70.0,5,309.9817708333333,7,20.0,1.0032259961523275,20,0,0,0
01e3a316395d56350145616f73dd5e3a489cca0c,2016-12-21 08:01:06,1,1,1,0.0,0,6,71.0,15,0.6540393518518518,2,21.0,2.5289599886743703,21,0,0,0
d9a0f575f6ceb19ca3f5c64b57e866a424cd9743,2016-12-21 08:01:19,1,1,1,0.0,10,6,185.0,17,0.6465046296296296,6,22.0,2.5467793333094635,22,0,0,0
d1a55ad2e07d1187768e9e3cc657ef4d5f6c64d6,2016-12-21 08:07:19,1,1,1,0.0,1,0,1039.0,15,32.77023148148148,14,23.0,1.030515500037438,23,0,0,0
41c9357ddea61012bfe1d19f290592efed178f9d,2016-12-21 08:53:27,1,1,1,0.0,3,0,65.0,15,0.03635416666666667,3,24.0,28.507163323782233,24,0,0,0
7fb4faa4392e6fc598a31db54c5b306583956ebd,2016-12-21 08:53:57,1,1,1,0.0,25,0,74.0,5,0.03697916666666667,8,25.0,28.04225352112676,25,0,0,0
ea76041803b95fb6c47181c9f4a27e8333072cd0,2016-12-21 08:54:40,1,1,1,0.0,14,7,189.0,17,0.037048611111111115,7,26.0,27.991565135895033,26,1,0,0
54963ba7da9b1b133bf5ca38abfd069eb127d30d,2016-12-21 08:55:33,1,1,2,0.9456603046006402,0,11,123.0,17,0.3423900462962963,13,27.5,816.8245010356392,28,0,0,0
73326922d67c756653f4607222b63ac1b5378139,2016-12-21 08:56:48,1,1,1,0.0,4,4,519.0,14,0.6618287037037037,6,170.0,2.510964988982547,169,0,0,0
73326922d67c756653f4607222b63ac1b5378139,2016-12-21 08:56:48,1,1,1,0.0,4,4,519.0,14,0.6618287037037037,6,170.0,2.510964988982547,169,0,0,0
73326922d67c756653f4607222b63ac1b5378139,2016-12-21 08:56:48,1,1,1,0.0,4,4,519.0,14,0.6618287037037037,6,170.0,2.510964988982547,169,0,0,0
73326922d67c756653f4607222b63ac1b5378139,2016-12-21 08:56:48,1,1,1,0.0,4,4,519.0,14,0.6618287037037037,6,170.0,2.510964988982547,169,0,0,0
f3327ca214c6dd68180de9ae178ec208e8de2c11,2016-12-21 09:21:11,1,1,1,0.0,1,1,68.0,15,0.01925925925925926,4,29.0,52.92307692307693,29,0,0,0
9161bd98bf091bab712a079d0f7e44eb32724749,2016-12-21 09:50:29,1,1,5,0.8739659997861828,51,17,842.8,16,68.19742361111109,229,5316.0,1.00439909179321,686,1,0,0
62dea1bb6345bd11b8251bed3a2e7134892b3190,2016-12-21 09:53:32,2,2,2,0.9182958340544896,3,3,200.0,16,4.928217592592593,1109,5319.5,1.1521848388202858,687,0,0,0
7559bc9c5f254b3c388e4fdfcbfc610eb3dec63f,2016-12-21 10:21:55,1,1,1,0.0,7,5,189.0,17,0.05997685185185185,9,30.0,17.673099189502125,30,0,0,0
807d9529da32778eb6dbc2216f6a72b1e1325d3c,2016-12-21 10:41:29,2,2,5,1.5834320248548417,23,23,700.6,15,2.5983078703703706,33,173.0,1.2517706844539946,173,0,0,0
ae8d882b030293710ef693029e7f34b4fed7faa0,2016-12-21 10:57:18,1,1,1,0.0,2,0,191.0,17,0.02457175925925926,10,31.0,41.6971267074894,31,0,0,0
163b61a32eff89364b99ca0e9dbde28364a65ded,2016-12-21 15:37:00,1,1,1,0.0,2,2,276.0,15,0.970636574074074,39,176.0,2.0302517200672527,174,0,0,0
ccaa0506cb93e9f884ebc22b32575feda7e99199,2016-12-22 07:55:15,1,1,1,0.0,6,0,999.0,15,2.8285069444444444,19,38.0,1.3535434134125532,38,0,0,0
66cdd3a708b911663cc45e7d6117f09d39784123,2016-12-22 08:01:46,1,1,1,0.0,44,0,0.0,1,0.0,0,39.0,0.0,39,0,0,0
53e07996c6929f422568b5473a77cbcaea799c1e,2016-12-22 08:07:48,1,1,1,0.0,77,0,0.0,1,0.0,0,40.0,0.0,40,0,0,0
04e2f170a33c2162f841b8a21403d95048b86371,2016-12-22 09:28:25,1,1,3,0.7866025348372767,50,27,56.66666666666666,15,0.3551388888888889,5,42.0,10.13663961484394,43,0,0,0
06ae2804f6c28688c1a6e688a62cf5aead32a1bc,2016-12-22 10:05:01,1,1,1,0.0,2,0,193.0,17,0.9636921296296296,11,32.0,2.037675798373828,32,0,0,0
89795b3653ea6270b90911cf30b3777312af5828,2016-12-22 10:18:30,1,1,3,1.0529407605626349,24,12,139.66666666666666,15,0.2827932098765432,44,45.0,2.2306060532451184,46,0,0,0
b3557bfbf50f9aecbbcd1054584ff9199cd90dad,2016-12-22 10:45:31,1,1,1,0.0,2,2,266.0,11,83.1025,1,34.0,1.0120333323305557,34,0,0,0
994f36bc6f8b3ab117e7a7278ccf4c96099710c6,2016-12-22 10:45:57,1,1,1,0.0,1,2,100.0,9,104.95891203703705,2,35.0,1.0095275377820907,35,0,0,0
9a0007a13f43d00393d525998e67c502c9641dd4,2016-12-22 10:49:28,1,1,2,0.8112781244591328,4,4,128.0,14,57.51232060185186,8,36.5,1.0091105527247413,37,0,0,0
f6fe61196da6acb067c321433dcfa31dba8fc39e,2016-12-22 11:34:17,1,2,5,1.8484914535929367,61,71,572.0,15,2.762349537037037,28,179.0,1.3710076382194762,179,1,1,1
a4ab877c4672b919ed5807864f5db726ef522926,2016-12-22 13:16:57,1,1,3,1.5566567074628228,7,0,856.3333333333335,14,28.928317901234564,28,183.0,1.0130053508191583,182,0,0,0
a36e563aa56e8e3a31f19f8b010301c3b170b941,2016-12-22 14:37:42,1,1,2,0.3067053689066304,790,12,432.5,14,8.912523148148148,19,185.5,1.0841512540874394,184,0,0,0
ba96fcc15a3f0f64b675af44a402e74fb2cf6584,2016-12-22 16:21:05,1,1,1,0.0,118,114,173.0,9,76.059375,1,113.0,1.0131476231562513,24,0,0,0
fa435fb51464314ba0444407220b9ff8804c2c9c,2016-12-22 17:05:49,1,1,1,0.0,10,5,1820.0,14,0.07560185185185185,13,114.0,14.227189222290265,81,0,0,0
3faa57a413d2d64be55e375c8c98bddd1d295c87,2016-12-22 17:15:09,1,1,8,1.9503088260500392,608,304,602.875,15,26.279560185185183,60,118.5,1.0981371533253947,89,1,1,1
781daad2a02df65b4738941db06abcc6d16d1335,2016-12-22 17:31:17,1,1,4,1.7331382533116777,106,24,180.25,11,77.14619212962963,18,124.5,1.0067512513444368,11,0,0,0
c301d70333a90e00b7b6d0ecdeb70a0b3dbbbdf0,2016-12-22 17:32:41,1,1,2,0.20559250818508304,37,25,60.0,9,38.05454861111111,1,127.5,0.5065695168941514,26,0,0,0
4f195254af35231d404a6d433b75a09a05df3c98,2016-12-23 10:13:01,1,1,6,2.5849625007211556,6,6,1940.666666666667,5,280.09899305555564,46,206.5,1.0014578179267224,200,0,0,0
27172c4a553bcea852d8b2646e0056c9790b2d95,2016-12-23 10:47:08,1,1,39,5.0066694561324985,67,69,254.53846153846158,14,137.5000928893638,239,229.0,1.0004629885109624,239,0,0,0
a1036f2d74be9c1b53a8b09745095675bb3c9ef7,2016-12-23 11:36:59,1,1,1,0.0,3,3,1312.0,15,0.765162037037037,13,129.0,2.306912721222205,90,0,0,0
eca9539f84f725d5d81b821c03efe876d0c941cd,2016-12-23 11:38:48,1,1,6,2.5386885704510966,23,2,766.0,14,5.566712962962963,57,251.5,1.0549556090671042,245,0,0,0
cc1b55e0310a5a0953d500c1b92b274ac8acf009,2016-12-23 12:36:05,3,5,17,3.017421157698587,899,492,544.1176470588234,15,0.8520710784313726,121,195.0,1.2303893040510607,194,0,0,0
371df8ea72d6a5e00e44c78de2eb7fa3a2381316,2016-12-23 13:08:34,1,1,1,0.0,13,4,195.0,17,1.1274652777777778,12,33.0,1.8869452742447104,33,0,0,0
634eb357d2a7c93eb6e6ed44de8031e8f428d4fd,2016-12-24 16:09:18,1,1,1,0.0,11,9,737.0,11,47.218275462962964,35,3296.0,1.0211782406323666,848,0,0,0
6ab716164b43aa5ff8a24c4b2fd1b976704ac6d6,2016-12-27 13:17:02,1,1,1,0.0,1,0,1318.0,11,88.25090277777778,21,33.0,1.0113313288422452,29,0,0,0
f553e230dbcbd540d9d637d8b046a75469444e31,2016-12-27 13:17:34,3,4,49,3.9104897452664655,2522,1391,566.3877551020408,12,145.9603153344671,687,58.0,1.0011817458341468,12,0,0,0
925f42727f3211ee9bd961b163901768472a3631,2016-12-27 14:26:43,1,1,1,0.0,1,1,129.0,12,0.04802083333333333,3,83.0,21.82429501084599,2,0,0,0
b0263e87bbaa46a3560f4cc8ef79faa8ea8e9780,2016-12-27 17:16:32,1,1,3,0.4208218883746211,127,1,881.3333333333335,13,0.11063271604938273,81,85.0,3.679639187241364,70,0,0,0
616ca1de0345a2a097848087acec80f5e4384cdc,2016-12-28 16:17:07,2,2,6,1.3988174255073345,349,0,332.0,16,23.238053626543213,63,4.5,1.0130015856480172,2,0,0,0
68814d4fc818134b89dadd93c964f99c8e51aba5,2016-12-28 16:26:05,2,2,3,1.4355205042826666,7,2,115.33333333333331,16,0.006226851851851852,3,9.0,99.14126394052045,4,0,0,0
94c4f8fe5f13e320dcb2d957c03f01a727429935,2016-12-28 17:03:37,1,1,2,0.5916727785823275,5,2,35.5,15,18.03390046296296,39,3297.5,1.0277255605922229,850,0,0,0
aa146e9b383cb7c71928ad65590bdadb363b589a,2016-12-28 19:06:35,2,2,5,1.3787834934861756,5,2,317.8,16,0.06936574074074074,56,13.0,5.279134500873873,6,0,0,0
2db66e49b444c829a27e7a874d0fba49faf0387b,2016-12-30 12:16:54,1,1,2,1.0,2,2,518.0,15,-18.659386574074077,26,145.5,0.960515228814918,105,0,0,0
0512e7886067fbed5d9178654ffe74b16020e258,2016-12-30 14:42:21,1,1,11,1.9594623404214329,126,110,147.36363636363637,19,44.84482744107744,41,152.0,1.0041914535736856,116,0,1,1
7d057d4c8368877b59f8213031d363ffa66cda24,2017-01-02 13:02:48,1,1,1,0.0,15,14,243.0,12,0.006481481481481481,10,3299.0,155.28571428571428,1845,0,0,0
391ab761a40d4faed574e831896c9fe107ee18f8,2017-01-02 17:55:02,1,2,4,0.0,48,117,53.5,11,207.3240451388889,14,3.5,1.0022287453535974,5,0,0,0
4d98bbdfa502cd525c9f8249e1d750d74a8226e8,2017-01-02 18:08:14,1,2,2,0.0,93,3,72.5,12,0.0045833333333333325,6,6.5,55.04545454545455,7,0,0,0
2c7fea1e0d01fed15129f389cb08f1a879437a14,2017-01-02 18:15:08,1,2,4,0.0,7,3,58.75,12,0.0011979166666666664,7,9.5,52.42391304347826,11,0,0,0
18b12efc9f6fbfeda13575fe0673acb7ee3eeb87,2017-01-02 18:25:36,1,2,2,0.0,3,0,119.5,12,0.0036342592592592594,8,12.5,69.28980891719746,13,0,0,0
4f096dbad5cd0855971171f39ae7192332d5441f,2017-01-02 18:53:28,1,1,1,0.0,8,7,242.0,12,0.019351851851851853,9,14.0,52.67464114832536,14,0,0,0
4f45d39ac72b69d5e8eaf43165c07c03f761c06a,2017-01-03 02:34:11,1,1,1,0.0,8,10,244.0,12,0.31346064814814817,11,709.0,4.190193110069047,607,0,0,0
4cfe122ac692f0fb25cc543cea2f074916b76b86,2017-01-03 09:04:10,1,1,1,0.0,1,1,292.0,14,0.0,11,52.0,0.0,52,0,0,0
e632f8597ac7a5229d51e8f12bfbd776f9369aee,2017-01-03 09:04:10,1,1,1,0.0,1,1,292.0,14,11.768379629629631,10,47.0,1.0849734654618268,47,0,0,0
e3ebd8e7f1793caa1b7f686f6d7ae9a671be25ac,2017-01-03 09:15:30,1,1,1,0.0,0,3,99.0,15,11.95625,3,49.0,1.0836382645060114,49,0,0,0
2af10cb8da9b8bbac64cead53eb7cae57088ed7c,2017-01-03 10:09:44,1,1,2,0.3227569588973983,58,10,365.5,14,13.3815625,12,255.5,1.05699469558377,247,0,0,0
f220b07625b7089b981fcaeff999bae3712b6a3a,2017-01-03 10:36:55,1,2,3,0.4798253701394967,203,139,515.0,15,11.610439814814816,23,258.0,1.0540414570597392,250,1,1,1
dae132c77099b2b5a895b3c08ee7df7bd11a74d4,2017-01-03 10:53:10,1,1,1,0.0,1,1,312.0,15,11.971446759259257,5,48.0,1.0835320926626144,48,0,0,0
6d7607a6ade5299b021190373add4a1d50765aaa,2017-01-03 11:13:46,1,1,1,0.0,1,1,54.0,15,12.038379629629631,3,50.0,1.0830676578381642,50,0,0,0
b10d0c17eca36fbd6d40686eb98e10d9c835aa97,2017-01-03 11:24:48,1,1,1,0.0,2,1,2071.0,16,12.732164351851852,166,220.0,1.0785412418788447,220,0,0,0
ae0e882cde4c74c5cae0af09fa5fd46c783fad24,2017-01-03 11:51:28,1,1,2,0.3554886778889371,82,37,595.5,15,12.011932870370373,11,260.5,1.0624379113747806,252,0,0,0
37d5567f6d8b36682a149de0fc1517e0364f51ad,2017-01-03 11:54:14,1,1,1,0.0,1,1,2012.0,17,14.615335648148148,100,221.0,1.0684212818695482,221,0,0,0
a7c5905ca4ece9e5c74bde6615d62692588e148d,2017-01-03 15:15:29,1,1,1,0.0,1,2,106.0,9,117.14608796296295,4,51.0,1.0085363499318574,51,0,0,0
17bdb57bb469bd712fa47c1c510cff9dc6662365,2017-01-03 16:08:38,1,1,2,0.4036558851238901,4,282,821.5,14,6.178958333333332,23,55.5,1.0819084441982572,56,1,1,1
318ab9a18506143905a0692f33dd9ac6e22ac4d0,2017-01-03 16:33:15,1,2,4,0.4399971562667831,13,700,661.5,15,4.563862847222223,76,71.5,1.0595188368789137,73,0,0,0
3941fe9ab7488bf91fca7b6c529ad2c2cd7ba35b,2017-01-03 16:42:24,1,1,1,0.0,1,1,142.0,15,0.006354166666666667,6,74.0,158.37704918032787,74,0,0,0
a1ac8610849481e08aeaa7d65d1af516e8933260,2017-01-04 08:24:11,1,2,3,0.1302430550425427,3,620,504.33333333333326,14,7.669355709876545,40,58.0,1.7525328774168265,59,0,0,0
aebc8ea826711af42b2bc381c184c961e4ce7256,2017-01-04 10:51:31,1,1,2,1.0,2,2,1040.5,12,77.50491898148148,194,64.5,1.0110435053711733,65,0,0,0
a1ac2ae9b7570d27148064d90ea8051c7e30c75e,2017-01-04 10:51:31,1,1,3,1.521928094887362,2,3,743.3333333333335,15,-0.6766666666666666,216,76.0,0.4777180744672447,77,0,0,0
7cff343680ce1fb1731fad37969b128d3e69da3a,2017-01-04 10:57:52,1,1,2,0.9927744539878084,10,10,374.0,14,0.10672453703703703,27,60.5,8.027437371217871,61,0,0,0
fe14158c10b77d97ec06769464bc085697f5161c,2017-01-04 13:13:56,1,1,1,0.0,37,31,285.0,12,0.07331018518518519,14,3300.0,14.640669403220713,1846,0,0,0
d059b5d3344f4ef9bc42c4b4ed01682a6a956a4c,2017-01-04 14:06:17,1,1,1,0.0,52,22,490.0,14,0.1308449074074074,14,62.0,8.64263600176913,62,0,0,0
933b288ce934f03a44463e0af1a9b4d24c3b0a5b,2017-01-04 14:31:23,1,2,4,0.0,44,10,60.5,12,0.3745138888888889,12,16.5,0.4168829964769145,18,0,0,0
a4271ae8c5c2367cfc33f08b4994849a0cccd40b,2017-01-04 15:13:46,1,1,1,0.0,116,0,0.0,1,0.0,0,0.0,0.0,0,0,0,0
42bbeb3f16cfea0bb2711c6297264ebcb718acb3,2017-01-04 16:04:05,1,1,2,1.0,4,0,1697.0,16,20.267945601851853,213,222.5,1.0387644607976845,223,0,0,0
0bcbcca1404338cd7e267af2627822b3d1a7a236,2017-01-04 17:28:22,1,2,3,0.0,37,28,92.0,12,0.6968094135802471,14,20.0,1.4982924487737772,21,0,0,0
53a1de1d4081a5eb4f45060184fa5e4d67b02d02,2017-01-05 13:01:34,1,1,1,0.0,7,1,520.0,14,0.9550578703703704,15,63.0,2.0470569700788928,63,0,0,0
70927d08e734d418ed61f9492160ca23b65c6e6f,2017-01-05 13:25:30,1,1,1,0.0,0,1,142.0,15,1.8632638888888888,7,78.0,1.5366926316574112,78,0,0,0
8503ac22a859abb2617b5fe9bab2e5db6ec0803f,2017-01-05 13:58:11,1,1,1,0.0,6,1,664.0,14,13.945300925925924,14,1.0,1.0717087429888934,1,0,0,0
332372dec2caab9d6f8fdcf3c87d3d6b37466999,2017-01-05 14:03:16,1,1,1,0.0,0,0,0.0,1,0.0,0,2.0,0.0,2,0,0,0
267f05e5ca0cd7b4483a7e1a6afa2de05b07d9a5,2017-01-05 14:06:54,1,1,1,0.0,2,0,1058.0,12,71.0512962962963,44,66.0,1.014074338571246,66,0,0,0
19f2d2d1ecb13dae5ef26f16c8ba75b935c5fcf5,2017-01-05 15:22:59,1,1,2,0.35335933502142136,4,11,181.0,15,8.216799768518516,10,53.5,1.2590102030711368,54,0,0,0
967cdd947ef93ef6c5d63432fa865ee96e10f20d,2017-01-05 15:37:01,2,2,2,0.10979978093136893,342,1,33.0,12,25.98813078703704,9,19.5,1.0192395522439577,7,0,0,0
b9144d63325d05e52cf80369bf935e3bd9d9e275,2017-01-05 20:22:15,1,1,2,1.0,2,2,1040.5,12,1.3963425925925923,196,67.5,1.5371174695799208,68,0,0,0
9bf771207d7feaa2c82cfee1aadcdf387fd21acd,2017-01-05 20:46:05,1,1,1,0.0,1,1,148.0,14,1.5152083333333333,16,69.0,1.6599752509280903,69,0,0,0
ad1402562d70ffa4a03e150ed9246e8ae710c684,2017-01-05 20:54:24,1,1,3,1.521928094887362,3,2,743.0,15,1.4186689814814817,219,80.0,1.4307637081575877,81,0,0,0
d8ddef37ed5407a3723b854ffc8ae077fb4c9fc5,2017-01-05 20:56:37,1,1,1,0.0,2,0,608.0,15,2.1828935185185183,10,82.0,1.4581075492306552,82,0,0,0
7201f003e57716ac7a14378127dc22fbc63954f1,2017-01-05 21:00:39,1,1,2,0.9182958340544896,2,1,604.5,15,1.0950173611111111,66,83.5,1.457067129053939,84,0,0,0
6af56e686d6ac6a63ac10189c144b92e6887f310,2017-01-06 08:31:02,1,1,1,0.0,121,82,341.0,12,0.1087037037037037,19,3301.0,10.199318568994887,1847,0,0,0
f6a819580c6b0fc145b01ba8ef0fcf924f30e11f,2017-01-06 09:57:27,1,13,45,4.859570059933582,663,416,722.8,17,229.08321656378604,1040,5343.0,1.0005390866518675,732,1,1,1
142770cb2a6978ba0b4884edc3f0806df3959c94,2017-01-06 10:38:32,2,2,6,0.6052912052261445,26,1,1006.1666666666665,18,167.11773919753088,223,5368.5,1.0209259680992802,735,0,0,0
