File,index,AltAvgLineBlank,AltAvgLineCode,AltAvgLineComment,AltCountLineBlank,AltCountLineCode,AltCountLineComment,AvgCyclomatic,AvgCyclomaticModified,AvgCyclomaticStrict,AvgEssential,AvgLine,AvgLineBlank,AvgLineCode,AvgLineComment,CountDeclClass,CountDeclFunction,CountLine,CountLineBlank,CountLineCode,CountLineCodeDecl,CountLineCodeExe,CountLineComment,CountLineInactive,CountLinePreprocessor,CountSemicolon,CountStmt,CountStmtDecl,CountStmtEmpty,CountStmtExe,MaxCyclomatic,MaxCyclomaticModified,MaxCyclomaticStrict,MaxEssential,MaxNesting,RatioCommentToCode,SumCyclomatic,SumCyclomaticModified,SumCyclomaticStrict,SumEssential,fastread_bugs,keyword_bugs,human_bugs
kwayfm.c,356,40.0,164.0,12.0,131.0,494.0,57.0,45.0,45.0,54.0,18.0,213.0,40.0,164.0,12.0,0.0,3.0,672.0,131.0,493.0,23.0,366.0,57.0,0.0,1.0,433.0,548.0,23.0,61.0,464.0,47.0,47.0,57.0,19.0,8.0,0.12,136.0,136.0,162.0,54.0,4,10.0,4
mmd.c,376,10.0,72.0,17.0,57.0,360.0,196.0,18.0,18.0,18.0,9.0,94.0,10.0,72.0,17.0,0.0,5.0,593.0,57.0,359.0,21.0,274.0,196.0,0.0,1.0,303.0,393.0,10.0,39.0,344.0,37.0,37.0,37.0,22.0,7.0,0.55,90.0,90.0,92.0,45.0,2,5.0,2
util.c,395,2.0,8.0,0.0,127.0,278.0,114.0,3.0,3.0,3.0,1.0,10.0,2.0,8.0,0.0,0.0,33.0,519.0,127.0,271.0,65.0,144.0,114.0,0.0,7.0,183.0,257.0,65.0,3.0,189.0,9.0,9.0,9.0,1.0,2.0,0.42,85.0,85.0,85.0,33.0,52,46.0,46
kmetis.c,429,8.0,24.0,0.0,32.0,74.0,24.0,6.0,6.0,6.0,1.0,32.0,8.0,24.0,0.0,0.0,3.0,129.0,32.0,73.0,15.0,51.0,24.0,0.0,1.0,60.0,75.0,11.0,8.0,56.0,10.0,10.0,10.0,1.0,1.0,0.33,17.0,17.0,17.0,3.0,4,10.0,4
face.C,431,0.0,0.0,0.0,12.0,0.0,17.0,0.0,0.0,0.0,0.0,0.0,0.0,0.0,0.0,0.0,0.0,29.0,12.0,0.0,0.0,0.0,17.0,0.0,0.0,0.0,0.0,0.0,0.0,0.0,0.0,0.0,0.0,0.0,0.0,0.0,0.0,0.0,0.0,0.0,9,12.0,11
quadrature_simpson_3D.C,476,21.0,53.0,20.0,61.0,107.0,54.0,8.0,2.0,8.0,1.0,92.0,21.0,51.0,20.0,0.0,2.0,220.0,61.0,102.0,9.0,69.0,54.0,0.0,5.0,90.0,106.0,8.0,12.0,86.0,8.0,2.0,8.0,1.0,1.0,0.53,16.0,4.0,16.0,2.0,10,14.0,12
mkwayfmh.c,493,13.0,59.0,4.0,132.0,476.0,74.0,18.0,18.0,20.0,7.0,76.0,13.0,59.0,4.0,0.0,8.0,677.0,132.0,475.0,37.0,358.0,74.0,0.0,1.0,380.0,501.0,35.0,33.0,433.0,53.0,53.0,64.0,18.0,8.0,0.16,140.0,140.0,156.0,56.0,2,5.0,2
node.C,506,0.0,0.0,0.0,15.0,2.0,19.0,0.0,0.0,0.0,0.0,0.0,0.0,0.0,0.0,0.0,0.0,36.0,15.0,1.0,1.0,1.0,19.0,0.0,1.0,1.0,1.0,1.0,0.0,0.0,0.0,0.0,0.0,0.0,0.0,19.0,0.0,0.0,0.0,0.0,15,17.0,16
mfm.c,513,10.0,47.0,5.0,65.0,234.0,53.0,14.0,14.0,18.0,2.0,59.0,10.0,47.0,5.0,0.0,5.0,344.0,65.0,233.0,19.0,170.0,53.0,0.0,1.0,230.0,284.0,19.0,24.0,241.0,51.0,51.0,64.0,7.0,6.0,0.23,71.0,71.0,88.0,14.0,2,5.0,2
inf_fe_lagrange_eval.C,526,0.0,0.0,0.0,325.0,727.0,28.0,0.0,0.0,0.0,0.0,0.0,0.0,0.0,0.0,0.0,0.0,1079.0,7.0,0.0,0.0,0.0,16.0,1054.0,4.0,0.0,0.0,0.0,0.0,0.0,0.0,0.0,0.0,0.0,0.0,0.0,0.0,0.0,0.0,0.0,9,14.0,12
ex1.C,535,7.0,16.0,27.0,19.0,18.0,57.0,3.0,3.0,3.0,1.0,50.0,7.0,16.0,27.0,0.0,1.0,94.0,19.0,16.0,3.0,10.0,57.0,0.0,2.0,13.0,15.0,3.0,3.0,9.0,3.0,3.0,3.0,1.0,1.0,3.56,3.0,3.0,3.0,1.0,3,8.0,3
coupling_matrix.C,538,0.0,0.0,0.0,7.0,0.0,15.0,0.0,0.0,0.0,0.0,0.0,0.0,0.0,0.0,0.0,0.0,22.0,7.0,0.0,0.0,0.0,15.0,0.0,0.0,0.0,0.0,0.0,0.0,0.0,0.0,0.0,0.0,0.0,0.0,0.0,0.0,0.0,0.0,0.0,13,14.0,14
inf_fe_static.C,555,0.0,0.0,0.0,118.0,182.0,53.0,0.0,0.0,0.0,0.0,0.0,0.0,0.0,0.0,0.0,0.0,350.0,8.0,0.0,0.0,0.0,16.0,324.0,8.0,0.0,0.0,0.0,0.0,0.0,0.0,0.0,0.0,0.0,0.0,0.0,0.0,0.0,0.0,0.0,22,26.0,23
pmetis.c,562,9.0,37.0,3.0,69.0,223.0,51.0,6.0,6.0,6.0,1.0,48.0,9.0,37.0,3.0,0.0,6.0,341.0,69.0,222.0,27.0,164.0,51.0,0.0,1.0,182.0,215.0,23.0,8.0,184.0,13.0,13.0,13.0,1.0,4.0,0.23,33.0,33.0,33.0,6.0,2,5.0,2
quadrature_simpson_2D.C,571,13.0,41.0,16.0,41.0,82.0,46.0,6.0,2.0,6.0,1.0,66.0,13.0,39.0,16.0,0.0,2.0,163.0,41.0,77.0,6.0,51.0,46.0,0.0,5.0,55.0,67.0,5.0,10.0,52.0,6.0,2.0,6.0,1.0,1.0,0.6,12.0,4.0,12.0,2.0,15,22.0,16
myqsort.c,576,5.0,55.0,5.0,70.0,447.0,69.0,14.0,14.0,17.0,3.0,61.0,5.0,55.0,5.0,0.0,8.0,547.0,70.0,444.0,75.0,287.0,69.0,0.0,3.0,286.0,388.0,75.0,24.0,289.0,17.0,17.0,28.0,6.0,4.0,0.16,114.0,114.0,132.0,28.0,2,5.0,2
perf_log.C,577,6.0,23.0,1.0,75.0,170.0,24.0,3.0,3.0,3.0,1.0,30.0,6.0,20.0,1.0,0.0,7.0,269.0,75.0,142.0,18.0,99.0,24.0,12.0,16.0,83.0,98.0,13.0,2.0,83.0,4.0,4.0,5.0,1.0,3.0,0.17,20.0,20.0,21.0,7.0,20,24.0,20
ex4.C,588,49.0,71.0,139.0,129.0,155.0,329.0,9.0,9.0,9.0,1.0,254.0,46.0,64.0,139.0,0.0,2.0,606.0,123.0,133.0,62.0,86.0,329.0,12.0,16.0,110.0,123.0,52.0,14.0,57.0,14.0,14.0,14.0,1.0,6.0,2.47,18.0,18.0,18.0,2.0,7,17.0,9
hilbert.c,589,11.0,51.0,5.0,48.0,159.0,19.0,10.0,7.0,10.0,1.0,64.0,11.0,51.0,5.0,0.0,3.0,215.0,48.0,152.0,40.0,113.0,19.0,0.0,7.0,123.0,146.0,29.0,0.0,117.0,18.0,11.0,18.0,1.0,3.0,0.12,29.0,22.0,29.0,3.0,2,5.0,2
system_data.C,599,4.0,11.0,0.0,114.0,168.0,26.0,1.0,1.0,1.0,1.0,16.0,2.0,8.0,0.0,0.0,12.0,308.0,71.0,96.0,26.0,41.0,23.0,98.0,23.0,57.0,60.0,13.0,11.0,36.0,2.0,2.0,2.0,1.0,1.0,0.24,17.0,17.0,17.0,12.0,0,1.0,0
equation_systems_io.C,602,62.0,117.0,98.0,143.0,242.0,215.0,1.0,1.0,1.0,1.0,277.0,3.0,9.0,0.0,0.0,2.0,600.0,25.0,17.0,7.0,6.0,19.0,528.0,20.0,12.0,12.0,2.0,4.0,6.0,1.0,1.0,1.0,1.0,0.0,1.12,2.0,2.0,2.0,2.0,27,30.0,29
elem.C,603,4.0,17.0,2.0,129.0,304.0,56.0,4.0,3.0,4.0,1.0,22.0,3.0,14.0,1.0,0.0,16.0,488.0,118.0,230.0,48.0,131.0,47.0,58.0,36.0,134.0,168.0,37.0,17.0,114.0,16.0,6.0,16.0,5.0,3.0,0.2,59.0,46.0,59.0,22.0,92,102.0,82
cmp.c,620,2.0,15.0,0.0,3.0,16.0,0.0,9.0,9.0,9.0,9.0,17.0,2.0,15.0,0.0,0.0,1.0,19.0,3.0,15.0,2.0,10.0,0.0,0.0,1.0,8.0,17.0,2.0,0.0,15.0,9.0,9.0,9.0,9.0,3.0,0.0,9.0,9.0,9.0,9.0,3,6.0,3
fe_hierarchic_shape_1D.C,631,8.0,29.0,3.0,53.0,123.0,26.0,9.0,3.0,9.0,5.0,40.0,8.0,29.0,3.0,0.0,4.0,202.0,53.0,120.0,24.0,74.0,26.0,0.0,3.0,67.0,99.0,6.0,20.0,73.0,17.0,5.0,17.0,10.0,2.0,0.22,37.0,13.0,37.0,22.0,13,17.0,15
mesh.c,633,7.0,41.0,1.0,63.0,288.0,47.0,12.0,12.0,12.0,3.0,49.0,7.0,41.0,1.0,0.0,7.0,398.0,63.0,287.0,40.0,210.0,47.0,0.0,1.0,269.0,351.0,27.0,4.0,320.0,23.0,23.0,23.0,9.0,6.0,0.16,86.0,83.0,86.0,23.0,4,10.0,4
memory.c,636,2.0,11.0,3.0,41.0,108.0,76.0,1.0,1.0,1.0,1.0,14.0,2.0,11.0,3.0,0.0,10.0,208.0,41.0,107.0,11.0,69.0,76.0,0.0,1.0,62.0,74.0,11.0,8.0,55.0,3.0,3.0,3.0,1.0,1.0,0.71,12.0,12.0,12.0,10.0,4,10.0,4
fe_hierarchic.C,638,53.0,189.0,24.0,237.0,767.0,116.0,86.0,12.0,86.0,36.0,267.0,53.0,189.0,24.0,0.0,4.0,1120.0,237.0,763.0,26.0,577.0,116.0,0.0,4.0,360.0,738.0,15.0,152.0,571.0,261.0,27.0,261.0,81.0,3.0,0.15,345.0,48.0,345.0,144.0,21,28.0,22
quadrature_simpson_1D.C,642,3.0,12.0,2.0,13.0,13.0,17.0,1.0,1.0,1.0,1.0,17.0,3.0,12.0,2.0,0.0,1.0,43.0,13.0,12.0,1.0,9.0,17.0,0.0,1.0,10.0,10.0,1.0,0.0,9.0,1.0,1.0,1.0,1.0,0.0,1.42,1.0,1.0,1.0,1.0,9,11.0,10
cell_inf_prism6.C,649,0.0,0.0,0.0,77.0,184.0,72.0,0.0,0.0,0.0,0.0,0.0,0.0,0.0,0.0,0.0,0.0,299.0,6.0,0.0,0.0,0.0,15.0,275.0,9.0,0.0,0.0,0.0,0.0,0.0,0.0,0.0,0.0,0.0,0.0,0.0,0.0,0.0,0.0,0.0,24,27.0,23
mcoarsen.c,651,10.0,62.0,0.0,14.0,63.0,14.0,18.0,11.0,20.0,1.0,72.0,10.0,62.0,0.0,0.0,1.0,91.0,14.0,62.0,3.0,54.0,14.0,0.0,1.0,41.0,59.0,3.0,2.0,54.0,18.0,11.0,20.0,1.0,3.0,0.23,18.0,11.0,20.0,1.0,2,5.0,2
quadrature_trap_1D.C,653,3.0,10.0,2.0,13.0,11.0,17.0,1.0,1.0,1.0,1.0,15.0,3.0,10.0,2.0,0.0,1.0,41.0,13.0,10.0,1.0,7.0,17.0,0.0,1.0,8.0,8.0,1.0,0.0,7.0,1.0,1.0,1.0,1.0,0.0,1.7,1.0,1.0,1.0,1.0,9,11.0,10
separator.c,654,16.0,64.0,3.0,56.0,193.0,36.0,11.0,11.0,12.0,1.0,82.0,16.0,64.0,3.0,0.0,3.0,284.0,56.0,192.0,11.0,130.0,36.0,0.0,1.0,171.0,205.0,11.0,32.0,162.0,17.0,17.0,18.0,1.0,6.0,0.19,34.0,34.0,36.0,3.0,2,5.0,2
mutil.c,673,2.0,9.0,0.0,21.0,48.0,32.0,3.0,3.0,3.0,2.0,11.0,2.0,9.0,0.0,0.0,5.0,101.0,21.0,47.0,11.0,25.0,32.0,0.0,1.0,30.0,47.0,11.0,0.0,36.0,5.0,5.0,5.0,3.0,3.0,0.68,17.0,17.0,17.0,13.0,2,5.0,2
mfm2.c,675,16.0,85.0,7.0,57.0,255.0,45.0,26.0,26.0,31.0,4.0,105.0,16.0,85.0,7.0,0.0,3.0,349.0,57.0,254.0,16.0,195.0,45.0,0.0,1.0,250.0,308.0,14.0,24.0,270.0,58.0,58.0,69.0,7.0,6.0,0.18,77.0,77.0,92.0,14.0,2,5.0,2
inf_fe_jacobi_20_00_eval.C,677,0.0,0.0,0.0,67.0,111.0,28.0,0.0,0.0,0.0,0.0,0.0,0.0,0.0,0.0,0.0,0.0,203.0,7.0,0.0,0.0,0.0,16.0,178.0,4.0,0.0,0.0,0.0,0.0,0.0,0.0,0.0,0.0,0.0,0.0,0.0,0.0,0.0,0.0,0.0,9,13.0,11
xdr_cxx.C,680,18.0,51.0,0.0,438.0,1016.0,19.0,8.0,5.0,8.0,1.0,69.0,13.0,37.0,0.0,0.0,18.0,1473.0,298.0,670.0,48.0,445.0,17.0,405.0,92.0,432.0,529.0,43.0,107.0,379.0,11.0,8.0,11.0,7.0,3.0,0.03,139.0,91.0,139.0,28.0,48,55.0,43
mesh_gmv_support.C,683,19.0,49.0,3.0,194.0,406.0,41.0,9.0,8.0,9.0,1.0,70.0,16.0,43.0,2.0,0.0,8.0,638.0,171.0,347.0,87.0,239.0,32.0,68.0,27.0,254.0,313.0,67.0,31.0,215.0,35.0,33.0,41.0,1.0,6.0,0.09,68.0,64.0,75.0,8.0,5,6.0,4
graph.c,691,12.0,47.0,3.0,130.0,427.0,72.0,11.0,11.0,12.0,2.0,61.0,12.0,47.0,3.0,0.0,9.0,616.0,130.0,426.0,33.0,325.0,72.0,0.0,1.0,348.0,439.0,30.0,0.0,409.0,23.0,23.0,23.0,7.0,4.0,0.17,96.0,96.0,105.0,25.0,2,5.0,2
refine.c,694,8.0,33.0,2.0,41.0,133.0,31.0,6.0,6.0,7.0,1.0,42.0,8.0,33.0,2.0,0.0,4.0,204.0,41.0,132.0,15.0,94.0,31.0,0.0,1.0,111.0,136.0,15.0,15.0,106.0,10.0,10.0,10.0,3.0,5.0,0.23,24.0,24.0,26.0,6.0,2,5.0,2
quadrature.C,704,12.0,26.0,3.0,67.0,104.0,25.0,5.0,3.0,5.0,4.0,40.0,12.0,26.0,3.0,0.0,4.0,196.0,67.0,102.0,8.0,72.0,25.0,0.0,2.0,76.0,94.0,6.0,20.0,68.0,5.0,3.0,5.0,5.0,1.0,0.25,18.0,12.0,20.0,18.0,15,19.0,16
edge_inf_edge2.C,707,0.0,0.0,0.0,16.0,12.0,15.0,0.0,0.0,0.0,0.0,0.0,0.0,0.0,0.0,0.0,0.0,43.0,10.0,0.0,0.0,0.0,15.0,15.0,4.0,0.0,0.0,0.0,0.0,0.0,0.0,0.0,0.0,0.0,0.0,0.0,0.0,0.0,0.0,0.0,16,20.0,16
cell_hex20.C,710,6.0,33.0,2.0,89.0,374.0,216.0,5.0,3.0,5.0,1.0,40.0,6.0,33.0,2.0,0.0,4.0,507.0,51.0,132.0,15.0,100.0,27.0,298.0,5.0,118.0,128.0,14.0,14.0,100.0,9.0,4.0,9.0,1.0,1.0,0.2,18.0,13.0,18.0,4.0,18,25.0,19
statistics.C,719,4.0,13.0,0.0,69.0,121.0,21.0,3.0,3.0,3.0,1.0,17.0,4.0,13.0,0.0,0.0,8.0,209.0,69.0,118.0,46.0,57.0,21.0,0.0,3.0,64.0,84.0,41.0,0.0,43.0,5.0,5.0,5.0,4.0,3.0,0.18,20.0,20.0,20.0,11.0,23,25.0,22
boundary_mesh.C,723,0.0,5.0,0.0,21.0,10.0,18.0,1.0,1.0,1.0,1.0,5.0,0.0,5.0,0.0,0.0,2.0,49.0,21.0,9.0,5.0,1.0,18.0,0.0,1.0,3.0,3.0,2.0,0.0,1.0,1.0,1.0,1.0,1.0,0.0,2.0,2.0,2.0,2.0,2.0,25,29.0,27
inf_fe_jacobi_30_00_eval.C,725,0.0,0.0,0.0,67.0,111.0,28.0,0.0,0.0,0.0,0.0,0.0,0.0,0.0,0.0,0.0,0.0,203.0,7.0,0.0,0.0,0.0,16.0,178.0,4.0,0.0,0.0,0.0,0.0,0.0,0.0,0.0,0.0,0.0,0.0,0.0,0.0,0.0,0.0,0.0,9,13.0,11
parmetis.c,728,11.0,39.0,4.0,83.0,237.0,57.0,7.0,7.0,7.0,1.0,53.0,11.0,39.0,4.0,0.0,6.0,371.0,83.0,236.0,33.0,173.0,57.0,0.0,1.0,181.0,219.0,25.0,9.0,185.0,16.0,16.0,17.0,1.0,4.0,0.24,41.0,41.0,44.0,6.0,5,6.0,5
mesh_diva_support.C,731,29.0,115.0,30.0,72.0,239.0,75.0,21.0,21.0,24.0,1.0,173.0,29.0,107.0,30.0,0.0,2.0,386.0,72.0,213.0,22.0,169.0,75.0,8.0,22.0,75.0,114.0,21.0,11.0,82.0,41.0,41.0,47.0,1.0,5.0,0.35,42.0,42.0,48.0,2.0,0,1.0,0
ccgraph.c,746,17.0,92.0,3.0,97.0,462.0,45.0,16.0,16.0,17.0,8.0,111.0,17.0,92.0,3.0,0.0,5.0,599.0,97.0,461.0,24.0,362.0,45.0,0.0,1.0,353.0,432.0,24.0,14.0,394.0,30.0,30.0,33.0,18.0,6.0,0.1,81.0,81.0,87.0,40.0,2,5.0,2
xdrIO.C,747,16.0,51.0,4.0,219.0,568.0,55.0,5.0,5.0,6.0,1.0,70.0,12.0,34.0,3.0,0.0,11.0,833.0,182.0,369.0,48.0,233.0,51.0,208.0,32.0,264.0,321.0,48.0,28.0,245.0,21.0,16.0,25.0,1.0,3.0,0.14,60.0,50.0,65.0,11.0,6,7.0,4
face_quad4.C,748,6.0,21.0,0.0,69.0,147.0,56.0,4.0,3.0,4.0,1.0,28.0,6.0,21.0,0.0,0.0,3.0,252.0,42.0,64.0,14.0,41.0,21.0,117.0,8.0,47.0,53.0,13.0,3.0,37.0,6.0,4.0,6.0,1.0,1.0,0.33,12.0,9.0,12.0,3.0,20,27.0,21
mpmetis.c,755,10.0,30.0,2.0,106.0,241.0,59.0,6.0,6.0,6.0,1.0,41.0,10.0,30.0,2.0,0.0,8.0,402.0,106.0,240.0,42.0,166.0,59.0,0.0,1.0,188.0,232.0,33.0,16.0,183.0,10.0,10.0,10.0,1.0,2.0,0.25,46.0,46.0,46.0,8.0,2,5.0,2
cell_prism.C,756,10.0,54.0,6.0,19.0,57.0,24.0,7.0,3.0,7.0,1.0,65.0,10.0,54.0,6.0,0.0,1.0,95.0,19.0,54.0,3.0,35.0,24.0,0.0,3.0,38.0,44.0,3.0,5.0,36.0,7.0,3.0,7.0,1.0,1.0,0.44,7.0,3.0,7.0,1.0,18,24.0,20
ometis.c,760,14.0,52.0,4.0,166.0,519.0,92.0,11.0,11.0,11.0,1.0,69.0,14.0,52.0,4.0,0.0,10.0,764.0,166.0,518.0,47.0,406.0,92.0,0.0,1.0,447.0,555.0,44.0,26.0,485.0,24.0,24.0,25.0,7.0,5.0,0.18,107.0,105.0,109.0,18.0,4,10.0,4
pqueue.c,763,6.0,34.0,1.0,105.0,412.0,71.0,7.0,7.0,7.0,3.0,41.0,6.0,34.0,1.0,0.0,12.0,579.0,105.0,411.0,39.0,269.0,71.0,0.0,1.0,283.0,359.0,39.0,64.0,256.0,15.0,15.0,19.0,9.0,6.0,0.17,78.0,78.0,87.0,41.0,2,5.0,2
cell_tet10.C,764,24.0,70.0,6.0,93.0,214.0,35.0,10.0,4.0,10.0,1.0,99.0,24.0,70.0,6.0,0.0,3.0,342.0,90.0,209.0,6.0,181.0,35.0,3.0,5.0,174.0,198.0,5.0,11.0,182.0,12.0,5.0,12.0,1.0,1.0,0.17,29.0,12.0,29.0,3.0,21,27.0,22
dof_map.C,770,25.0,59.0,17.0,343.0,674.0,199.0,11.0,11.0,11.0,1.0,100.0,18.0,43.0,14.0,0.0,6.0,1199.0,157.0,260.0,75.0,179.0,103.0,660.0,25.0,194.0,236.0,69.0,25.0,142.0,24.0,24.0,27.0,1.0,9.0,0.4,63.0,63.0,67.0,6.0,105,111.0,91
mrefine.c,773,8.0,36.0,2.0,44.0,145.0,31.0,7.0,6.0,7.0,1.0,46.0,8.0,36.0,2.0,0.0,4.0,219.0,44.0,144.0,18.0,104.0,31.0,0.0,1.0,122.0,149.0,18.0,13.0,118.0,12.0,11.0,12.0,3.0,5.0,0.22,26.0,25.0,28.0,6.0,2,5.0,2
cell_inf_hex8.C,774,0.0,0.0,0.0,78.0,203.0,92.0,0.0,0.0,0.0,0.0,0.0,0.0,0.0,0.0,0.0,0.0,329.0,6.0,0.0,0.0,0.0,15.0,305.0,9.0,0.0,0.0,0.0,0.0,0.0,0.0,0.0,0.0,0.0,0.0,0.0,0.0,0.0,0.0,0.0,24,27.0,23
petsc_interface.C,776,0.0,0.0,0.0,46.0,52.0,34.0,0.0,0.0,0.0,0.0,0.0,0.0,0.0,0.0,0.0,0.0,132.0,8.0,0.0,0.0,0.0,14.0,107.0,4.0,0.0,0.0,0.0,0.0,0.0,0.0,0.0,0.0,0.0,0.0,0.0,0.0,0.0,0.0,0.0,4,6.0,2
surface.C,777,2.0,6.0,0.0,45.0,48.0,18.0,1.0,1.0,1.0,1.0,7.0,2.0,6.0,0.0,0.0,8.0,111.0,45.0,46.0,10.0,20.0,18.0,0.0,2.0,40.0,40.0,10.0,10.0,20.0,1.0,1.0,1.0,1.0,0.0,0.39,8.0,8.0,8.0,8.0,9,11.0,10
mbalance.c,778,23.0,83.0,12.0,51.0,167.0,43.0,28.0,28.0,36.0,6.0,117.0,23.0,83.0,12.0,0.0,2.0,260.0,51.0,166.0,9.0,133.0,43.0,0.0,1.0,185.0,223.0,9.0,20.0,194.0,53.0,53.0,70.0,11.0,5.0,0.26,55.0,55.0,72.0,12.0,2,5.0,2
exact_solution.C,779,1.0,7.0,0.0,14.0,9.0,26.0,1.0,1.0,1.0,1.0,8.0,1.0,7.0,0.0,0.0,1.0,49.0,14.0,7.0,4.0,3.0,26.0,0.0,2.0,3.0,3.0,2.0,0.0,1.0,1.0,1.0,1.0,1.0,0.0,3.71,1.0,1.0,1.0,1.0,36,52.0,41
quadrature_3D.C,788,97.0,237.0,27.0,409.0,949.0,124.0,31.0,16.0,31.0,13.0,361.0,97.0,235.0,27.0,0.0,4.0,1481.0,409.0,939.0,108.0,662.0,124.0,0.0,10.0,706.0,837.0,106.0,51.0,680.0,49.0,26.0,49.0,25.0,4.0,0.13,123.0,64.0,123.0,55.0,0,0.0,0
fm.c,789,32.0,133.0,16.0,37.0,134.0,31.0,47.0,47.0,57.0,7.0,173.0,32.0,133.0,16.0,0.0,1.0,194.0,37.0,133.0,6.0,103.0,31.0,0.0,1.0,158.0,184.0,6.0,27.0,151.0,47.0,47.0,57.0,7.0,6.0,0.23,47.0,47.0,57.0,7.0,2,5.0,2
edge.C,791,0.0,0.0,0.0,8.0,0.0,17.0,0.0,0.0,0.0,0.0,0.0,0.0,0.0,0.0,0.0,0.0,25.0,8.0,0.0,0.0,0.0,17.0,0.0,0.0,0.0,0.0,0.0,0.0,0.0,0.0,0.0,0.0,0.0,0.0,0.0,0.0,0.0,0.0,0.0,16,19.0,16
coarsen.c,796,10.0,52.0,2.0,14.0,53.0,16.0,16.0,13.0,18.0,1.0,64.0,10.0,52.0,2.0,0.0,1.0,83.0,14.0,52.0,3.0,39.0,16.0,0.0,1.0,30.0,44.0,3.0,4.0,37.0,16.0,13.0,18.0,1.0,4.0,0.31,16.0,13.0,18.0,1.0,4,10.0,4
tree_node.C,797,6.0,24.0,4.0,117.0,278.0,65.0,5.0,5.0,6.0,3.0,34.0,6.0,24.0,4.0,0.0,11.0,460.0,117.0,276.0,72.0,151.0,65.0,0.0,2.0,165.0,211.0,62.0,14.0,135.0,12.0,12.0,12.0,11.0,4.0,0.24,59.0,52.0,64.0,34.0,21,24.0,21
grid2grid.cc,798,62.0,145.0,53.0,68.0,153.0,55.0,17.0,17.0,17.0,1.0,257.0,62.0,145.0,53.0,0.0,1.0,273.0,68.0,145.0,43.0,96.0,55.0,0.0,8.0,119.0,131.0,43.0,16.0,72.0,17.0,17.0,17.0,1.0,5.0,0.38,17.0,17.0,17.0,1.0,0,2.0,0
debug.c,800,4.0,22.0,1.0,46.0,156.0,39.0,5.0,5.0,6.0,2.0,27.0,4.0,22.0,1.0,0.0,7.0,239.0,46.0,155.0,20.0,89.0,39.0,0.0,1.0,123.0,160.0,20.0,22.0,118.0,8.0,8.0,10.0,4.0,4.0,0.25,37.0,37.0,41.0,15.0,19,21.0,17
face_quad.C,801,7.0,33.0,1.0,42.0,104.0,20.0,7.0,2.0,7.0,1.0,41.0,7.0,33.0,1.0,0.0,3.0,165.0,42.0,100.0,4.0,76.0,20.0,0.0,4.0,64.0,85.0,4.0,5.0,76.0,14.0,3.0,14.0,1.0,1.0,0.2,21.0,6.0,21.0,3.0,21,31.0,24
match.c,802,13.0,43.0,3.0,63.0,172.0,39.0,9.0,9.0,10.0,4.0,57.0,13.0,43.0,3.0,0.0,4.0,267.0,63.0,171.0,16.0,127.0,39.0,0.0,1.0,147.0,181.0,16.0,9.0,156.0,14.0,14.0,17.0,6.0,4.0,0.23,35.0,35.0,41.0,17.0,4,10.0,4
mrefine2.c,803,7.0,26.0,1.0,12.0,27.0,16.0,10.0,10.0,10.0,3.0,34.0,7.0,26.0,1.0,0.0,1.0,55.0,12.0,26.0,2.0,19.0,16.0,0.0,1.0,24.0,35.0,1.0,11.0,23.0,10.0,10.0,10.0,3.0,2.0,0.62,10.0,10.0,10.0,3.0,2,5.0,2
kwayvolfm.c,804,27.0,118.0,12.0,330.0,1300.0,176.0,30.0,30.0,35.0,12.0,154.0,27.0,118.0,12.0,0.0,11.0,1778.0,330.0,1299.0,73.0,973.0,176.0,0.0,1.0,1016.0,1327.0,68.0,49.0,1210.0,61.0,61.0,66.0,23.0,9.0,0.14,327.0,327.0,380.0,138.0,2,5.0,2
quadrature_gauss_3D.C,810,57.0,173.0,30.0,130.0,347.0,75.0,16.0,6.0,16.0,6.0,260.0,57.0,171.0,30.0,0.0,2.0,551.0,130.0,342.0,37.0,265.0,75.0,0.0,5.0,293.0,326.0,39.0,13.0,274.0,23.0,9.0,23.0,11.0,5.0,0.22,32.0,11.0,32.0,12.0,13,18.0,14
inf_fe.C,811,0.0,0.0,0.0,230.0,357.0,180.0,0.0,0.0,0.0,0.0,0.0,0.0,0.0,0.0,0.0,0.0,754.0,8.0,0.0,0.0,0.0,16.0,728.0,10.0,0.0,0.0,0.0,0.0,0.0,0.0,0.0,0.0,0.0,0.0,0.0,0.0,0.0,0.0,0.0,29,34.0,29
mkwayrefine.c,812,10.0,39.0,2.0,66.0,195.0,38.0,8.0,8.0,8.0,2.0,50.0,10.0,39.0,2.0,0.0,5.0,297.0,66.0,194.0,22.0,139.0,38.0,0.0,1.0,169.0,206.0,21.0,19.0,166.0,13.0,13.0,13.0,7.0,6.0,0.2,40.0,40.0,40.0,13.0,2,5.0,2
face_tri6.C,816,11.0,36.0,3.0,86.0,198.0,71.0,7.0,4.0,7.0,1.0,50.0,11.0,36.0,3.0,0.0,3.0,328.0,59.0,108.0,10.0,83.0,29.0,124.0,8.0,94.0,109.0,9.0,15.0,85.0,8.0,5.0,8.0,1.0,1.0,0.27,20.0,12.0,20.0,3.0,27,35.0,27
cell_inf_prism12.C,817,0.0,0.0,0.0,95.0,255.0,96.0,0.0,0.0,0.0,0.0,0.0,0.0,0.0,0.0,0.0,0.0,388.0,6.0,0.0,0.0,0.0,15.0,364.0,9.0,0.0,0.0,0.0,0.0,0.0,0.0,0.0,0.0,0.0,0.0,0.0,0.0,0.0,0.0,0.0,21,26.0,22
fe_interface.C,821,24.0,70.0,4.0,293.0,706.0,59.0,11.0,4.0,11.0,10.0,98.0,17.0,48.0,2.0,0.0,10.0,1058.0,221.0,478.0,44.0,309.0,41.0,265.0,54.0,329.0,457.0,18.0,138.0,301.0,13.0,5.0,13.0,13.0,2.0,0.09,106.0,42.0,106.0,106.0,37,42.0,32
meshtool.cc,824,38.0,150.0,43.0,125.0,473.0,136.0,14.0,10.0,14.0,5.0,230.0,28.0,109.0,23.0,0.0,3.0,732.0,97.0,327.0,132.0,248.0,72.0,194.0,48.0,150.0,189.0,44.0,15.0,130.0,20.0,20.0,20.0,14.0,3.0,0.22,41.0,29.0,41.0,16.0,6,8.0,5
srefine.c,826,6.0,26.0,1.0,35.0,105.0,30.0,6.0,5.0,6.0,1.0,33.0,6.0,26.0,1.0,0.0,4.0,169.0,35.0,104.0,13.0,74.0,30.0,0.0,1.0,93.0,117.0,13.0,17.0,87.0,15.0,11.0,15.0,3.0,4.0,0.29,24.0,20.0,24.0,6.0,2,5.0,2
fe_base.C,827,22.0,99.0,13.0,84.0,300.0,55.0,16.0,8.0,22.0,9.0,133.0,20.0,76.0,13.0,0.0,3.0,439.0,78.0,229.0,24.0,143.0,55.0,72.0,5.0,136.0,185.0,23.0,48.0,114.0,24.0,9.0,42.0,14.0,3.0,0.24,48.0,23.0,66.0,28.0,49,49.0,49
inf_fe_map_eval.C,828,0.0,0.0,0.0,28.0,45.0,28.0,0.0,0.0,0.0,0.0,0.0,0.0,0.0,0.0,0.0,0.0,98.0,7.0,0.0,0.0,0.0,16.0,73.0,4.0,0.0,0.0,0.0,0.0,0.0,0.0,0.0,0.0,0.0,0.0,0.0,0.0,0.0,0.0,0.0,9,13.0,11
morton.c,829,13.0,40.0,0.0,34.0,82.0,0.0,8.0,8.0,9.0,1.0,52.0,13.0,40.0,0.0,0.0,2.0,116.0,34.0,79.0,13.0,59.0,0.0,0.0,3.0,64.0,73.0,11.0,0.0,62.0,10.0,10.0,10.0,1.0,2.0,0.0,15.0,15.0,18.0,2.0,2,5.0,2
petsc_matrix.C,830,0.0,0.0,0.0,111.0,182.0,22.0,0.0,0.0,0.0,0.0,0.0,0.0,0.0,0.0,0.0,0.0,315.0,8.0,0.0,0.0,0.0,14.0,290.0,5.0,0.0,0.0,0.0,0.0,0.0,0.0,0.0,0.0,0.0,0.0,0.0,0.0,0.0,0.0,0.0,40,47.0,40
face_quad8.C,831,10.0,33.0,3.0,92.0,232.0,82.0,6.0,4.0,6.0,1.0,46.0,10.0,33.0,3.0,0.0,4.0,370.0,65.0,133.0,12.0,103.0,31.0,133.0,8.0,109.0,128.0,11.0,13.0,104.0,9.0,5.0,9.0,1.0,1.0,0.23,25.0,14.0,25.0,4.0,22,29.0,24
quadrature_simpson.C,832,0.0,0.0,0.0,9.0,0.0,19.0,0.0,0.0,0.0,0.0,0.0,0.0,0.0,0.0,0.0,0.0,28.0,9.0,0.0,0.0,0.0,19.0,0.0,0.0,0.0,0.0,0.0,0.0,0.0,0.0,0.0,0.0,0.0,0.0,0.0,0.0,0.0,0.0,0.0,9,11.0,10
sphere.C,834,2.0,6.0,1.0,59.0,70.0,27.0,2.0,2.0,2.0,1.0,9.0,2.0,6.0,1.0,0.0,11.0,156.0,59.0,68.0,22.0,32.0,27.0,0.0,2.0,39.0,42.0,17.0,0.0,25.0,4.0,4.0,4.0,1.0,1.0,0.4,23.0,23.0,23.0,11.0,12,15.0,13
mmatch.c,836,12.0,50.0,4.0,110.0,348.0,62.0,10.0,10.0,13.0,4.0,64.0,12.0,50.0,4.0,0.0,7.0,506.0,110.0,347.0,30.0,264.0,62.0,0.0,1.0,279.0,349.0,30.0,13.0,306.0,16.0,16.0,20.0,6.0,5.0,0.18,73.0,73.0,88.0,32.0,2,5.0,2
quadrature_trap_3D.C,837,20.0,49.0,14.0,60.0,98.0,43.0,8.0,2.0,8.0,1.0,83.0,20.0,47.0,14.0,0.0,2.0,201.0,60.0,93.0,9.0,60.0,43.0,0.0,5.0,67.0,83.0,8.0,13.0,62.0,8.0,2.0,8.0,1.0,1.0,0.46,16.0,4.0,16.0,2.0,10,13.0,11
mesh_ucd_support.C,838,9.0,24.0,10.0,60.0,101.0,55.0,5.0,5.0,5.0,1.0,39.0,9.0,24.0,10.0,0.0,4.0,205.0,60.0,94.0,15.0,64.0,55.0,0.0,7.0,62.0,72.0,15.0,9.0,48.0,11.0,11.0,11.0,1.0,2.0,0.59,18.0,18.0,18.0,4.0,2,2.0,2
kvmetis.c,839,8.0,25.0,0.0,32.0,75.0,24.0,6.0,6.0,6.0,1.0,33.0,8.0,25.0,0.0,0.0,3.0,130.0,32.0,74.0,16.0,51.0,24.0,0.0,1.0,60.0,75.0,11.0,8.0,56.0,10.0,10.0,10.0,1.0,1.0,0.32,17.0,17.0,17.0,3.0,2,5.0,2
fe_monomial_shape_2D.C,841,17.0,49.0,6.0,90.0,203.0,39.0,17.0,4.0,17.0,13.0,72.0,17.0,48.0,6.0,0.0,4.0,332.0,90.0,196.0,26.0,142.0,39.0,0.0,7.0,110.0,173.0,8.0,27.0,138.0,40.0,7.0,40.0,34.0,3.0,0.2,66.0,15.0,66.0,53.0,13,19.0,13
cell_hex8.C,842,5.0,25.0,2.0,83.0,247.0,120.0,4.0,3.0,4.0,1.0,30.0,5.0,25.0,2.0,0.0,4.0,374.0,45.0,101.0,15.0,71.0,27.0,202.0,5.0,82.0,90.0,14.0,5.0,71.0,9.0,4.0,9.0,1.0,1.0,0.27,17.0,12.0,17.0,4.0,20,27.0,21
cell.C,843,0.0,0.0,0.0,6.0,0.0,15.0,0.0,0.0,0.0,0.0,0.0,0.0,0.0,0.0,0.0,0.0,21.0,6.0,0.0,0.0,0.0,15.0,0.0,0.0,0.0,0.0,0.0,0.0,0.0,0.0,0.0,0.0,0.0,0.0,0.0,0.0,0.0,0.0,0.0,13,15.0,14
stat.c,844,11.0,51.0,1.0,52.0,206.0,29.0,11.0,11.0,12.0,1.0,63.0,11.0,51.0,1.0,0.0,4.0,287.0,52.0,205.0,16.0,158.0,29.0,0.0,1.0,152.0,194.0,16.0,0.0,178.0,18.0,18.0,20.0,1.0,4.0,0.14,42.0,42.0,46.0,4.0,6,10.0,6
dense_matrix.C,847,12.0,35.0,11.0,37.0,71.0,39.0,14.0,14.0,14.0,1.0,58.0,12.0,35.0,11.0,0.0,2.0,147.0,37.0,70.0,32.0,52.0,39.0,0.0,1.0,66.0,80.0,30.0,2.0,48.0,14.0,14.0,14.0,1.0,4.0,0.56,28.0,28.0,28.0,2.0,19,25.0,20
sfm.c,849,32.0,129.0,13.0,207.0,776.0,108.0,31.0,31.0,35.0,7.0,170.0,32.0,129.0,13.0,0.0,6.0,1069.0,207.0,771.0,49.0,574.0,108.0,2.0,3.0,766.0,899.0,49.0,129.0,721.0,42.0,42.0,51.0,10.0,7.0,0.14,183.0,183.0,211.0,43.0,2,5.0,2
petsc_vector.C,850,0.0,0.0,0.0,188.0,297.0,90.0,0.0,0.0,0.0,0.0,0.0,0.0,0.0,0.0,0.0,0.0,575.0,8.0,0.0,0.0,0.0,14.0,550.0,4.0,0.0,0.0,0.0,0.0,0.0,0.0,0.0,0.0,0.0,0.0,0.0,0.0,0.0,0.0,0.0,59,64.0,56
kwayvolrefine.c,852,11.0,44.0,4.0,94.0,309.0,62.0,9.0,9.0,10.0,2.0,58.0,11.0,44.0,4.0,0.0,7.0,460.0,94.0,308.0,31.0,222.0,62.0,0.0,1.0,253.0,319.0,30.0,20.0,269.0,19.0,19.0,21.0,7.0,7.0,0.2,66.0,63.0,70.0,15.0,2,5.0,2
quadrature_2D.C,853,37.0,107.0,12.0,171.0,431.0,62.0,17.0,8.0,17.0,7.0,156.0,37.0,105.0,12.0,0.0,4.0,664.0,171.0,421.0,43.0,281.0,62.0,0.0,10.0,311.0,382.0,41.0,39.0,302.0,20.0,11.0,20.0,10.0,4.0,0.15,66.0,33.0,66.0,29.0,0,0.0,0
tree.C,855,5.0,22.0,4.0,121.0,287.0,67.0,5.0,4.0,5.0,2.0,31.0,5.0,22.0,4.0,0.0,12.0,475.0,121.0,283.0,76.0,152.0,67.0,0.0,4.0,169.0,215.0,67.0,14.0,134.0,12.0,12.0,12.0,11.0,4.0,0.24,60.0,53.0,65.0,35.0,12,15.0,14
fe_boundary.C,857,11.0,36.0,6.0,101.0,233.0,59.0,7.0,7.0,7.0,1.0,52.0,11.0,36.0,6.0,0.0,6.0,389.0,101.0,228.0,69.0,129.0,59.0,0.0,5.0,178.0,200.0,50.0,27.0,123.0,17.0,16.0,17.0,1.0,3.0,0.26,41.0,40.0,41.0,6.0,40,50.0,39
kwayrefine.c,858,9.0,36.0,4.0,79.0,256.0,60.0,9.0,8.0,9.0,2.0,48.0,9.0,36.0,4.0,0.0,7.0,392.0,79.0,255.0,27.0,185.0,60.0,0.0,1.0,216.0,274.0,27.0,24.0,223.0,25.0,23.0,28.0,7.0,6.0,0.24,61.0,59.0,64.0,17.0,4,10.0,4
fe_hierarchic_shape_3D.C,859,31.0,230.0,43.0,147.0,927.0,188.0,46.0,44.0,58.0,4.0,304.0,31.0,229.0,43.0,0.0,4.0,1262.0,147.0,920.0,102.0,586.0,188.0,0.0,7.0,356.0,536.0,48.0,46.0,442.0,95.0,89.0,119.0,11.0,5.0,0.2,184.0,176.0,232.0,18.0,14,17.0,14
cell_tet4.C,860,4.0,19.0,0.0,75.0,188.0,79.0,4.0,3.0,4.0,1.0,23.0,4.0,19.0,0.0,0.0,4.0,306.0,40.0,76.0,12.0,50.0,20.0,165.0,5.0,60.0,66.0,11.0,5.0,50.0,7.0,4.0,7.0,1.0,1.0,0.26,15.0,12.0,15.0,4.0,21,28.0,22
fe_map.C,862,30.0,73.0,16.0,217.0,453.0,114.0,9.0,9.0,9.0,2.0,117.0,29.0,67.0,16.0,0.0,6.0,774.0,208.0,416.0,116.0,284.0,114.0,36.0,10.0,308.0,343.0,86.0,55.0,202.0,24.0,22.0,24.0,7.0,4.0,0.27,55.0,51.0,55.0,12.0,34,50.0,30
mesh_metis_support.C,863,29.0,91.0,18.0,41.0,101.0,34.0,1.0,1.0,1.0,1.0,130.0,3.0,8.0,0.0,0.0,1.0,168.0,15.0,8.0,2.0,4.0,16.0,122.0,9.0,4.0,4.0,1.0,0.0,3.0,1.0,1.0,1.0,1.0,0.0,2.0,1.0,1.0,1.0,1.0,1,1.0,1
cell_prism6.C,864,6.0,23.0,2.0,87.0,222.0,101.0,4.0,3.0,4.0,1.0,29.0,6.0,23.0,2.0,0.0,4.0,352.0,49.0,92.0,17.0,64.0,25.0,185.0,6.0,74.0,81.0,16.0,5.0,60.0,8.0,4.0,8.0,1.0,1.0,0.27,16.0,12.0,16.0,4.0,18,24.0,19
mesh_base.C,866,7.0,24.0,3.0,454.0,1031.0,177.0,4.0,4.0,4.0,1.0,34.0,5.0,18.0,2.0,0.0,35.0,1646.0,286.0,627.0,164.0,373.0,89.0,616.0,44.0,421.0,510.0,127.0,37.0,346.0,20.0,20.0,21.0,9.0,8.0,0.14,141.0,141.0,144.0,43.0,61,69.0,58
minitpart2.c,868,12.0,46.0,4.0,80.0,233.0,57.0,13.0,12.0,15.0,2.0,62.0,12.0,46.0,4.0,0.0,5.0,368.0,80.0,232.0,19.0,177.0,57.0,0.0,1.0,212.0,266.0,19.0,25.0,222.0,35.0,35.0,43.0,4.0,5.0,0.25,63.0,61.0,74.0,14.0,2,5.0,2
fe_lagrange_shape_1D.C,869,12.0,38.0,2.0,69.0,159.0,23.0,9.0,5.0,9.0,7.0,52.0,12.0,38.0,2.0,0.0,4.0,251.0,69.0,156.0,24.0,94.0,23.0,0.0,3.0,109.0,141.0,6.0,40.0,95.0,17.0,9.0,17.0,13.0,2.0,0.15,37.0,21.0,37.0,28.0,11,16.0,12
minitpart.c,873,12.0,44.0,4.0,78.0,222.0,57.0,11.0,11.0,13.0,2.0,59.0,12.0,44.0,4.0,0.0,5.0,355.0,78.0,221.0,20.0,168.0,57.0,0.0,1.0,203.0,251.0,20.0,25.0,206.0,33.0,33.0,40.0,4.0,5.0,0.26,56.0,55.0,64.0,14.0,2,5.0,2
edge_edge3.C,874,9.0,22.0,0.0,36.0,45.0,15.0,5.0,4.0,5.0,1.0,31.0,9.0,22.0,0.0,0.0,2.0,96.0,36.0,44.0,4.0,32.0,15.0,0.0,1.0,40.0,47.0,3.0,10.0,34.0,6.0,5.0,6.0,1.0,1.0,0.34,10.0,8.0,10.0,2.0,22,27.0,22
quadrature_gauss_2D.C,875,25.0,86.0,17.0,66.0,173.0,48.0,11.0,4.0,11.0,4.0,128.0,25.0,84.0,17.0,0.0,2.0,287.0,66.0,168.0,17.0,122.0,48.0,0.0,5.0,135.0,158.0,16.0,13.0,129.0,16.0,5.0,16.0,8.0,4.0,0.29,22.0,7.0,22.0,9.0,18,27.0,19
fe_lagrange_shape_3D.C,876,75.0,224.0,18.0,321.0,901.0,86.0,63.0,14.0,63.0,56.0,316.0,75.0,223.0,18.0,0.0,4.0,1307.0,321.0,894.0,118.0,708.0,86.0,0.0,7.0,515.0,777.0,100.0,130.0,547.0,180.0,35.0,180.0,167.0,4.0,0.1,252.0,56.0,252.0,225.0,16,20.0,16
cell_inf_hex18.C,877,0.0,0.0,0.0,89.0,284.0,134.0,0.0,0.0,0.0,0.0,0.0,0.0,0.0,0.0,0.0,0.0,423.0,6.0,0.0,0.0,0.0,15.0,399.0,9.0,0.0,0.0,0.0,0.0,0.0,0.0,0.0,0.0,0.0,0.0,0.0,0.0,0.0,0.0,0.0,21,29.0,23
cell_tet.C,879,5.0,27.0,1.0,35.0,84.0,21.0,5.0,2.0,5.0,1.0,33.0,5.0,27.0,1.0,0.0,3.0,139.0,35.0,81.0,5.0,56.0,21.0,0.0,3.0,52.0,66.0,5.0,5.0,56.0,8.0,4.0,8.0,1.0,1.0,0.26,16.0,7.0,16.0,3.0,20,26.0,22
mbalance2.c,883,17.0,74.0,8.0,61.0,222.0,47.0,23.0,23.0,28.0,3.0,98.0,17.0,74.0,8.0,0.0,3.0,328.0,61.0,221.0,15.0,174.0,47.0,0.0,1.0,231.0,283.0,14.0,20.0,249.0,54.0,54.0,67.0,6.0,4.0,0.21,69.0,69.0,85.0,11.0,2,5.0,2
mesh.C,884,38.0,99.0,11.0,355.0,837.0,127.0,15.0,15.0,16.0,1.0,147.0,28.0,72.0,4.0,0.0,8.0,1319.0,263.0,577.0,116.0,434.0,53.0,377.0,55.0,427.0,533.0,100.0,44.0,389.0,61.0,59.0,65.0,3.0,6.0,0.09,120.0,117.0,129.0,10.0,8,13.0,5
face_infinite.C,886,0.0,0.0,0.0,9.0,0.0,16.0,0.0,0.0,0.0,0.0,0.0,0.0,0.0,0.0,0.0,0.0,25.0,9.0,0.0,0.0,0.0,16.0,0.0,0.0,0.0,0.0,0.0,0.0,0.0,0.0,0.0,0.0,0.0,0.0,0.0,0.0,0.0,0.0,0.0,1,1.0,1
mesh_tecplot_support.C,887,11.0,35.0,3.0,135.0,322.0,46.0,3.0,3.0,3.0,1.0,50.0,4.0,13.0,0.0,0.0,7.0,502.0,68.0,92.0,30.0,41.0,22.0,292.0,35.0,49.0,61.0,19.0,4.0,38.0,12.0,12.0,13.0,1.0,3.0,0.24,20.0,20.0,21.0,7.0,2,2.0,3
cell_inf_hex16.C,888,0.0,0.0,0.0,86.0,254.0,116.0,0.0,0.0,0.0,0.0,0.0,0.0,0.0,0.0,0.0,0.0,380.0,6.0,0.0,0.0,0.0,15.0,356.0,9.0,0.0,0.0,0.0,0.0,0.0,0.0,0.0,0.0,0.0,0.0,0.0,0.0,0.0,0.0,0.0,21,26.0,22
ex2.C,890,33.0,43.0,105.0,48.0,47.0,141.0,4.0,4.0,4.0,1.0,181.0,29.0,35.0,105.0,0.0,1.0,236.0,44.0,35.0,5.0,22.0,141.0,7.0,9.0,26.0,29.0,5.0,4.0,20.0,4.0,4.0,4.0,1.0,2.0,4.03,4.0,4.0,4.0,1.0,3,7.0,3
compress.c,891,20.0,88.0,8.0,53.0,176.0,36.0,17.0,17.0,18.0,4.0,110.0,20.0,88.0,8.0,0.0,2.0,256.0,53.0,175.0,8.0,142.0,36.0,0.0,1.0,155.0,189.0,8.0,0.0,181.0,22.0,22.0,23.0,8.0,6.0,0.21,34.0,34.0,35.0,9.0,2,5.0,2
timing.c,892,0.0,14.0,0.0,10.0,42.0,22.0,1.0,1.0,1.0,1.0,14.0,0.0,14.0,0.0,0.0,3.0,74.0,10.0,41.0,3.0,32.0,22.0,0.0,1.0,32.0,35.0,3.0,0.0,32.0,1.0,1.0,1.0,1.0,0.0,0.54,3.0,3.0,3.0,3.0,2,5.0,2
mesh_exodus_support.C,893,33.0,73.0,36.0,162.0,345.0,78.0,1.0,1.0,1.0,1.0,127.0,3.0,9.0,4.0,0.0,1.0,566.0,16.0,9.0,1.0,4.0,20.0,512.0,14.0,7.0,7.0,1.0,2.0,4.0,1.0,1.0,1.0,1.0,0.0,2.22,1.0,1.0,1.0,1.0,2,3.0,1
bucketsort.c,895,4.0,14.0,0.0,9.0,15.0,19.0,6.0,6.0,6.0,1.0,18.0,4.0,14.0,0.0,0.0,1.0,43.0,9.0,14.0,3.0,8.0,19.0,0.0,1.0,19.0,24.0,3.0,0.0,21.0,6.0,6.0,6.0,1.0,2.0,1.36,6.0,6.0,6.0,1.0,2,5.0,2
elem_quality.C,896,19.0,114.0,2.0,72.0,345.0,41.0,17.0,2.0,17.0,1.0,135.0,17.0,106.0,1.0,0.0,3.0,458.0,67.0,319.0,4.0,287.0,37.0,29.0,6.0,128.0,182.0,4.0,2.0,176.0,17.0,2.0,17.0,1.0,1.0,0.12,51.0,6.0,51.0,3.0,14,20.0,14
inf_fe_legendre_eval.C,897,0.0,0.0,0.0,63.0,103.0,28.0,0.0,0.0,0.0,0.0,0.0,0.0,0.0,0.0,0.0,0.0,191.0,7.0,0.0,0.0,0.0,16.0,166.0,4.0,0.0,0.0,0.0,0.0,0.0,0.0,0.0,0.0,0.0,0.0,0.0,0.0,0.0,0.0,0.0,10,14.0,12
quadrature_trap_2D.C,898,13.0,37.0,8.0,41.0,74.0,31.0,6.0,2.0,6.0,1.0,58.0,13.0,35.0,8.0,0.0,2.0,146.0,41.0,69.0,6.0,43.0,31.0,0.0,5.0,50.0,62.0,5.0,12.0,45.0,6.0,2.0,6.0,1.0,1.0,0.45,12.0,4.0,12.0,2.0,15,21.0,15
mesh_misc_support.C,899,11.0,20.0,14.0,97.0,128.0,100.0,4.0,4.0,4.0,1.0,43.0,11.0,20.0,14.0,0.0,6.0,312.0,97.0,122.0,25.0,76.0,100.0,0.0,6.0,98.0,106.0,25.0,12.0,69.0,9.0,9.0,9.0,1.0,2.0,0.82,26.0,26.0,26.0,6.0,0,1.0,1
mesh_xdr_support.C,900,12.0,42.0,25.0,194.0,478.0,294.0,5.0,4.0,5.0,1.0,77.0,10.0,34.0,21.0,0.0,11.0,946.0,175.0,375.0,87.0,223.0,252.0,132.0,37.0,226.0,275.0,64.0,17.0,194.0,38.0,26.0,40.0,1.0,5.0,0.67,56.0,41.0,58.0,11.0,4,5.0,4
fe_monomial_shape_1D.C,901,6.0,25.0,1.0,46.0,108.0,19.0,7.0,3.0,7.0,4.0,32.0,6.0,25.0,1.0,0.0,4.0,173.0,46.0,105.0,24.0,59.0,19.0,0.0,3.0,61.0,84.0,6.0,20.0,58.0,13.0,5.0,13.0,7.0,2.0,0.18,28.0,13.0,28.0,16.0,11,17.0,12
fe_lagrange.C,902,21.0,86.0,3.0,108.0,354.0,32.0,28.0,9.0,28.0,11.0,110.0,21.0,86.0,3.0,0.0,4.0,494.0,108.0,350.0,17.0,252.0,32.0,0.0,4.0,197.0,307.0,9.0,56.0,242.0,58.0,19.0,58.0,18.0,3.0,0.09,111.0,35.0,111.0,45.0,34,34.0,32
boundary_info.C,903,5.0,12.0,8.0,135.0,188.0,133.0,2.0,2.0,2.0,1.0,25.0,5.0,12.0,8.0,0.0,15.0,456.0,135.0,181.0,45.0,93.0,133.0,0.0,7.0,107.0,122.0,26.0,13.0,83.0,5.0,5.0,5.0,4.0,2.0,0.73,33.0,33.0,33.0,20.0,76,92.0,69
meshpart.c,904,12.0,73.0,5.0,29.0,147.0,30.0,20.0,20.0,20.0,12.0,89.0,12.0,73.0,5.0,0.0,2.0,204.0,29.0,146.0,14.0,105.0,30.0,0.0,1.0,113.0,152.0,12.0,0.0,140.0,23.0,23.0,23.0,12.0,5.0,0.21,40.0,40.0,40.0,24.0,2,5.0,2
fe_monomial.C,905,17.0,74.0,9.0,91.0,307.0,53.0,38.0,5.0,38.0,9.0,99.0,17.0,74.0,9.0,0.0,4.0,451.0,91.0,303.0,26.0,229.0,53.0,0.0,4.0,129.0,285.0,15.0,48.0,222.0,70.0,7.0,70.0,18.0,3.0,0.17,151.0,20.0,151.0,38.0,18,26.0,18
fe_monomial_shape_3D.C,906,41.0,99.0,7.0,185.0,404.0,45.0,41.0,4.0,41.0,37.0,148.0,41.0,98.0,7.0,0.0,4.0,634.0,185.0,397.0,28.0,339.0,45.0,0.0,7.0,213.0,373.0,10.0,30.0,333.0,116.0,8.0,116.0,110.0,3.0,0.11,162.0,16.0,162.0,149.0,14,20.0,14
face_tri3.C,909,5.0,18.0,0.0,69.0,133.0,51.0,4.0,3.0,4.0,1.0,24.0,5.0,18.0,0.0,0.0,3.0,238.0,41.0,55.0,10.0,34.0,21.0,113.0,8.0,43.0,48.0,9.0,5.0,34.0,5.0,4.0,5.0,1.0,1.0,0.38,11.0,9.0,11.0,3.0,21,27.0,22
cell_pyramid.C,910,15.0,58.0,6.0,27.0,62.0,25.0,8.0,4.0,8.0,1.0,74.0,15.0,58.0,6.0,0.0,1.0,109.0,27.0,58.0,8.0,34.0,25.0,0.0,4.0,42.0,48.0,8.0,5.0,35.0,8.0,4.0,8.0,1.0,1.0,0.43,8.0,4.0,8.0,1.0,17,23.0,19
face_tri.C,911,5.0,24.0,1.0,41.0,77.0,20.0,5.0,2.0,5.0,1.0,30.0,5.0,24.0,1.0,0.0,3.0,137.0,41.0,73.0,5.0,50.0,20.0,0.0,4.0,46.0,60.0,5.0,5.0,50.0,8.0,3.0,8.0,1.0,1.0,0.27,14.0,6.0,14.0,3.0,17,26.0,19
cell_hex27.C,912,23.0,93.0,3.0,122.0,570.0,271.0,10.0,4.0,10.0,1.0,117.0,23.0,93.0,3.0,0.0,3.0,735.0,90.0,280.0,6.0,248.0,26.0,340.0,5.0,245.0,271.0,5.0,17.0,249.0,12.0,5.0,12.0,1.0,1.0,0.09,31.0,12.0,31.0,3.0,23,30.0,23
quadrature_1D.C,913,21.0,121.0,2.0,54.0,243.0,19.0,13.0,2.0,13.0,1.0,143.0,21.0,121.0,2.0,0.0,2.0,316.0,54.0,241.0,2.0,209.0,19.0,0.0,2.0,204.0,229.0,2.0,19.0,208.0,25.0,2.0,25.0,1.0,1.0,0.08,26.0,3.0,26.0,2.0,0,0.0,0
edge_edge2.C,914,4.0,10.0,0.0,22.0,21.0,15.0,3.0,3.0,3.0,1.0,14.0,4.0,10.0,0.0,0.0,2.0,58.0,22.0,20.0,4.0,12.0,15.0,0.0,1.0,14.0,15.0,3.0,0.0,12.0,4.0,4.0,4.0,1.0,1.0,0.75,6.0,6.0,6.0,2.0,17,21.0,18
face_inf_quad6.C,915,0.0,0.0,0.0,70.0,143.0,57.0,0.0,0.0,0.0,0.0,0.0,0.0,0.0,0.0,0.0,0.0,251.0,8.0,0.0,0.0,0.0,16.0,225.0,11.0,0.0,0.0,0.0,0.0,0.0,0.0,0.0,0.0,0.0,0.0,0.0,0.0,0.0,0.0,0.0,20,26.0,20
ex3.C,916,45.0,63.0,156.0,122.0,139.0,362.0,8.0,8.0,8.0,1.0,260.0,42.0,56.0,156.0,0.0,2.0,616.0,116.0,117.0,54.0,72.0,362.0,12.0,16.0,99.0,111.0,46.0,12.0,53.0,13.0,13.0,13.0,1.0,6.0,3.09,15.0,15.0,15.0,2.0,2,6.0,3
mkmetis.c,917,12.0,36.0,1.0,30.0,72.0,22.0,9.0,9.0,9.0,2.0,48.0,12.0,36.0,1.0,0.0,2.0,123.0,30.0,71.0,12.0,52.0,22.0,0.0,1.0,56.0,72.0,8.0,8.0,56.0,9.0,9.0,9.0,3.0,2.0,0.31,17.0,17.0,17.0,4.0,2,5.0,2
quadrature_trap.C,918,0.0,0.0,0.0,8.0,0.0,19.0,0.0,0.0,0.0,0.0,0.0,0.0,0.0,0.0,0.0,0.0,27.0,8.0,0.0,0.0,0.0,19.0,0.0,0.0,0.0,0.0,0.0,0.0,0.0,0.0,0.0,0.0,0.0,0.0,0.0,0.0,0.0,0.0,0.0,9,11.0,10
elem_type.C,919,23.0,109.0,1.0,56.0,220.0,18.0,17.0,2.0,17.0,1.0,133.0,16.0,75.0,0.0,0.0,2.0,294.0,42.0,150.0,4.0,88.0,17.0,79.0,6.0,60.0,96.0,4.0,4.0,88.0,17.0,2.0,17.0,1.0,1.0,0.11,34.0,4.0,34.0,2.0,8,11.0,10
plane.C,920,1.0,6.0,1.0,65.0,89.0,30.0,1.0,1.0,1.0,1.0,7.0,1.0,6.0,1.0,0.0,15.0,184.0,65.0,88.0,37.0,31.0,30.0,0.0,1.0,49.0,51.0,30.0,0.0,21.0,2.0,2.0,2.0,1.0,1.0,0.34,17.0,17.0,17.0,15.0,11,13.0,12
inf_fe_boundary.C,921,0.0,0.0,0.0,27.0,25.0,26.0,0.0,0.0,0.0,0.0,0.0,0.0,0.0,0.0,0.0,0.0,77.0,10.0,0.0,0.0,0.0,17.0,48.0,7.0,0.0,0.0,0.0,0.0,0.0,0.0,0.0,0.0,0.0,0.0,0.0,0.0,0.0,0.0,0.0,18,23.0,19
point.C,922,4.0,17.0,1.0,70.0,141.0,25.0,3.0,3.0,3.0,1.0,23.0,4.0,15.0,1.0,0.0,8.0,236.0,66.0,119.0,23.0,81.0,25.0,12.0,14.0,70.0,79.0,23.0,1.0,55.0,5.0,5.0,8.0,4.0,3.0,0.21,20.0,20.0,23.0,11.0,10,13.0,12
reference_counter.C,923,0.0,0.0,0.0,13.0,4.0,17.0,0.0,0.0,0.0,0.0,0.0,0.0,0.0,0.0,0.0,0.0,34.0,11.0,0.0,0.0,0.0,17.0,3.0,3.0,0.0,0.0,0.0,0.0,0.0,0.0,0.0,0.0,0.0,0.0,0.0,0.0,0.0,0.0,0.0,13,16.0,13
mesh_refinement.C,924,0.0,0.0,0.0,121.0,268.0,127.0,0.0,0.0,0.0,0.0,0.0,0.0,0.0,0.0,0.0,0.0,506.0,8.0,0.0,0.0,0.0,16.0,479.0,9.0,0.0,0.0,0.0,0.0,0.0,0.0,0.0,0.0,0.0,0.0,0.0,0.0,0.0,0.0,0.0,60,65.0,57
subdomains.c,926,26.0,118.0,11.0,237.0,946.0,128.0,32.0,32.0,37.0,12.0,153.0,26.0,118.0,11.0,0.0,8.0,1295.0,237.0,945.0,50.0,713.0,128.0,0.0,1.0,778.0,1009.0,49.0,69.0,891.0,67.0,67.0,75.0,27.0,8.0,0.14,259.0,259.0,293.0,100.0,2,5.0,2
mincover.c,927,5.0,32.0,4.0,40.0,167.0,63.0,10.0,10.0,10.0,4.0,38.0,5.0,32.0,4.0,0.0,5.0,259.0,40.0,158.0,17.0,110.0,63.0,0.0,9.0,107.0,155.0,17.0,2.0,136.0,16.0,16.0,18.0,6.0,7.0,0.4,48.0,48.0,52.0,20.0,2,5.0,2
fe_hierarchic_shape_2D.C,928,71.0,176.0,22.0,306.0,709.0,103.0,46.0,26.0,54.0,24.0,268.0,71.0,176.0,22.0,0.0,4.0,1118.0,306.0,706.0,127.0,552.0,103.0,0.0,3.0,426.0,607.0,109.0,106.0,392.0,112.0,52.0,128.0,65.0,3.0,0.15,185.0,105.0,217.0,96.0,20,27.0,21
utility.C,929,6.0,33.0,2.0,18.0,40.0,22.0,1.0,1.0,1.0,1.0,41.0,2.0,5.0,0.0,0.0,1.0,80.0,14.0,5.0,1.0,2.0,20.0,32.0,11.0,2.0,3.0,1.0,0.0,2.0,1.0,1.0,1.0,1.0,0.0,4.0,1.0,1.0,1.0,1.0,14,16.0,14
balance.c,930,22.0,83.0,9.0,53.0,182.0,48.0,25.0,25.0,33.0,4.0,111.0,22.0,83.0,9.0,0.0,2.0,278.0,53.0,181.0,14.0,134.0,48.0,0.0,1.0,193.0,229.0,14.0,34.0,181.0,25.0,25.0,33.0,4.0,5.0,0.27,49.0,49.0,65.0,8.0,5,6.0,5
estmem.c,931,8.0,32.0,2.0,35.0,96.0,29.0,6.0,6.0,6.0,3.0,41.0,8.0,32.0,2.0,0.0,3.0,157.0,35.0,95.0,10.0,69.0,29.0,0.0,1.0,69.0,87.0,10.0,0.0,77.0,8.0,8.0,8.0,5.0,4.0,0.31,18.0,18.0,18.0,9.0,2,5.0,2
cell_pyramid5.C,932,7.0,28.0,2.0,136.0,96.0,245.0,5.0,3.0,5.0,1.0,36.0,7.0,28.0,2.0,0.0,3.0,472.0,45.0,84.0,16.0,59.0,24.0,316.0,8.0,68.0,75.0,15.0,5.0,55.0,7.0,4.0,7.0,1.0,1.0,0.29,14.0,10.0,14.0,3.0,18,24.0,19
equation_systems.C,933,3.0,13.0,2.0,150.0,301.0,69.0,3.0,3.0,3.0,1.0,19.0,3.0,13.0,1.0,0.0,22.0,517.0,150.0,282.0,57.0,173.0,49.0,24.0,16.0,188.0,221.0,53.0,21.0,147.0,11.0,11.0,11.0,1.0,6.0,0.17,62.0,62.0,62.0,22.0,47,50.0,46
mesh_unv_support.C,934,12.0,44.0,16.0,169.0,490.0,211.0,7.0,5.0,7.0,2.0,64.0,12.0,44.0,16.0,0.0,11.0,788.0,169.0,480.0,65.0,344.0,211.0,0.0,10.0,348.0,409.0,46.0,35.0,328.0,29.0,29.0,29.0,14.0,4.0,0.44,72.0,58.0,74.0,28.0,3,6.0,3
quadrature_gauss.C,935,0.0,0.0,0.0,11.0,0.0,19.0,0.0,0.0,0.0,0.0,0.0,0.0,0.0,0.0,0.0,0.0,30.0,11.0,0.0,0.0,0.0,19.0,0.0,0.0,0.0,0.0,0.0,0.0,0.0,0.0,0.0,0.0,0.0,0.0,0.0,0.0,0.0,0.0,0.0,11,15.0,14
reference_counted_object.C,936,0.0,0.0,0.0,12.0,1.0,19.0,0.0,0.0,0.0,0.0,0.0,0.0,0.0,0.0,0.0,0.0,32.0,12.0,0.0,0.0,0.0,19.0,0.0,1.0,0.0,0.0,0.0,0.0,0.0,0.0,0.0,0.0,0.0,0.0,0.0,0.0,0.0,0.0,0.0,9,11.0,10
face_inf_quad4.C,937,0.0,0.0,0.0,72.0,131.0,53.0,0.0,0.0,0.0,0.0,0.0,0.0,0.0,0.0,0.0,0.0,241.0,8.0,0.0,0.0,0.0,16.0,215.0,11.0,0.0,0.0,0.0,0.0,0.0,0.0,0.0,0.0,0.0,0.0,0.0,0.0,0.0,0.0,0.0,24,28.0,24
fe_lagrange_shape_2D.C,938,30.0,101.0,6.0,142.0,410.0,40.0,25.0,9.0,25.0,19.0,137.0,30.0,100.0,6.0,0.0,4.0,592.0,142.0,402.0,63.0,284.0,40.0,0.0,8.0,251.0,352.0,45.0,82.0,225.0,61.0,21.0,61.0,52.0,4.0,0.1,98.0,37.0,98.0,79.0,18,26.0,18
fortran.c,939,3.0,10.0,0.0,37.0,70.0,34.0,3.0,3.0,3.0,1.0,13.0,3.0,10.0,0.0,0.0,7.0,141.0,37.0,69.0,14.0,40.0,34.0,0.0,1.0,64.0,88.0,14.0,0.0,74.0,4.0,4.0,4.0,1.0,1.0,0.49,24.0,24.0,24.0,7.0,2,5.0,2
mesh_generation.C,940,88.0,218.0,30.0,282.0,666.0,109.0,32.0,31.0,34.0,1.0,336.0,64.0,157.0,10.0,0.0,3.0,1057.0,209.0,472.0,107.0,361.0,49.0,296.0,31.0,376.0,462.0,95.0,39.0,328.0,61.0,59.0,65.0,3.0,6.0,0.1,96.0,93.0,102.0,5.0,43,54.0,43
initpart.c,941,15.0,54.0,6.0,89.0,273.0,64.0,12.0,11.0,12.0,6.0,74.0,15.0,54.0,6.0,0.0,5.0,422.0,89.0,272.0,16.0,218.0,64.0,0.0,1.0,236.0,289.0,16.0,24.0,249.0,18.0,18.0,20.0,12.0,7.0,0.24,58.0,57.0,61.0,33.0,4,10.0,4
cell_hex.C,942,18.0,66.0,15.0,71.0,202.0,64.0,9.0,3.0,9.0,1.0,97.0,18.0,66.0,15.0,0.0,3.0,331.0,71.0,198.0,33.0,156.0,64.0,0.0,4.0,147.0,170.0,32.0,7.0,131.0,12.0,4.0,12.0,1.0,1.0,0.32,27.0,10.0,27.0,3.0,25,32.0,27
frename.c,943,0.0,4.0,0.0,42.0,257.0,13.0,1.0,1.0,1.0,1.0,4.0,0.0,4.0,0.0,0.0,64.0,312.0,42.0,256.0,64.0,64.0,13.0,0.0,1.0,64.0,128.0,64.0,0.0,64.0,1.0,1.0,1.0,1.0,0.0,0.05,64.0,64.0,64.0,64.0,4,10.0,4
fe.C,944,21.0,71.0,14.0,137.0,371.0,89.0,16.0,11.0,20.0,6.0,106.0,21.0,71.0,14.0,0.0,5.0,597.0,137.0,367.0,52.0,233.0,89.0,0.0,4.0,255.0,331.0,55.0,65.0,211.0,28.0,26.0,42.0,14.0,3.0,0.24,80.0,53.0,99.0,30.0,24,29.0,24
face_quad9.C,945,9.0,31.0,2.0,94.0,234.0,84.0,6.0,3.0,6.0,1.0,42.0,9.0,31.0,2.0,0.0,4.0,372.0,63.0,123.0,12.0,93.0,29.0,149.0,8.0,105.0,121.0,11.0,15.0,95.0,8.0,5.0,8.0,1.0,1.0,0.24,22.0,13.0,22.0,4.0,22,31.0,24
testexodus.cc,946,32.0,70.0,22.0,118.0,232.0,67.0,9.0,9.0,9.0,3.0,124.0,32.0,70.0,22.0,0.0,3.0,417.0,118.0,213.0,81.0,130.0,67.0,0.0,19.0,174.0,195.0,77.0,12.0,106.0,14.0,14.0,14.0,4.0,5.0,0.31,26.0,26.0,26.0,9.0,2,2.0,2
quadrature_gauss_1D.C,947,38.0,231.0,2.0,50.0,232.0,17.0,25.0,2.0,25.0,1.0,271.0,38.0,231.0,2.0,0.0,1.0,299.0,50.0,231.0,1.0,202.0,17.0,0.0,1.0,196.0,221.0,1.0,19.0,201.0,25.0,2.0,25.0,1.0,1.0,0.07,25.0,2.0,25.0,1.0,11,17.0,13
