hash,time,ns,nd,nf,entrophy,la,ld,lt,ndev,age,nuc,exp,rexp,sexp,keyword_fix,keyword_buggy,fastread_fix,fastread_buggy,human_fix,human_buggy
be8db1cc1955927320eb952bf12dfbaf191539c6,2017-06-28 16:21:54,2,2,3,0.9054596797177984,180,155,204.66666666666663,47,8.30164737654321,110,102.0,1.1568610807412572,80,1,1,1,1,1.0,1
68ff0d5709052025ffff6ea3cc1a135b3288fd06,2017-06-29 22:15:49,2,8,10,1.1812307331858496,1442,70,327.0,47,294.94726041666667,923,10063.5,1.0005964542944932,435,0,1,0,1,0.0,1
2b16b6abede4ae67a0c59f3deaf67a33aa7cc1c1,2017-06-30 00:34:55,2,3,4,1.117478798736482,127,51,658.75,47,-0.19616608796296292,693,10072.5,4.279807424833598,437,0,1,0,1,0.0,1
dbdaf609dbf591db695ccaf2e0f1f02f79ebbbfe,2017-07-01 02:22:08,2,2,2,1.0,2,0,315.5,47,1.1710532407407408,251,10069.5,1.6404491050514434,436,1,0,1,0,1.0,0
3860ccd63d7f35612cc16281173de9309dc89ca2,2017-07-02 20:28:18,2,8,9,0.9276338402099468,6,1434,523.6666666666666,47,2.7939531893004115,930,10079.0,1.1091189224551032,442,0,0,0,0,0.0,0
b97f2abd7463a1f4a6750ec44385385061839156,2017-07-02 22:46:35,2,2,16,2.710321188473448,418,388,374.25,47,11.577684461805555,263,111.5,1.028340703620495,95,1,1,1,1,1.0,1
f0a8204194548c25328921b0553af730535cf793,2017-07-03 03:37:02,1,1,1,0.0,3,3,349.0,46,8.45875,31,11.0,1.1182207773016108,8,1,0,1,1,1.0,1
3b4841b22805bb5234b90c426a4bfecea79b8025,2017-07-03 03:39:51,1,1,1,0.0,2,1,179.0,46,15.527476851851851,12,12.0,1.0644019636635773,9,1,0,1,1,1.0,1
60cb030f305322c11e7bf29649078c6c2f6aca71,2017-07-03 03:44:50,1,1,1,0.0,4,2,482.0,46,15.5309375,23,13.0,1.0643876134328658,10,1,0,1,1,1.0,1
c773c0f3e9a9d543b85c756bb091a515dbcf9bec,2017-07-03 03:47:13,1,1,1,0.0,1,1,218.0,46,16.77287037037037,19,14.0,1.0596200875532027,11,1,0,1,1,1.0,1
ed4c80ad5101a156309a9276304beaeab0bc47bd,2017-07-03 03:50:02,1,1,1,0.0,2,1,75.0,46,15.534548611111116,14,15.0,1.064372646095732,12,1,1,1,1,1.0,1
c1e7cf2299979e5da83019b4f5f61e4c0e6c7197,2017-07-03 04:02:18,1,1,1,0.0,2,1,288.0,46,15.54306712962963,9,16.0,1.0643373660848257,13,1,0,1,0,0.0,0
2deec4e8f8f2847aa323e6b188721fd2b86d07ca,2017-07-03 04:05:33,1,1,2,0.027744123588890564,2144,2,168.5,47,4.2392766203703705,21,17.5,0.558972325325201,15,1,1,1,1,0.0,1
c9f2038d43c74f6ae9eaf3412e4026fb48916b3b,2017-07-03 04:09:45,1,1,1,0.0,3,1,290.0,46,16.78851851851852,7,19.0,1.0595645171964967,16,1,0,1,0,1.0,1
a7f050eacbbcfe2bc6f2423bc9caaf02ec02e3a1,2017-07-03 04:12:00,1,1,1,0.0,3,1,166.0,46,15.54980324074074,6,20.0,1.0643094954012011,17,1,0,1,1,1.0,1
f3946f3c9c38f6aed74a9eaaba7ac4df84b2c097,2017-07-03 04:12:51,1,1,1,0.0,4,1,95.0,46,16.790671296296292,21,21.0,1.059556880267234,18,0,0,1,0,1.0,0
80c4cba43d485bf5e923753ffe727f243741ff74,2017-07-03 04:14:37,1,1,1,0.0,4,2,32.0,46,16.79189814814815,10,22.0,1.0595525289146828,19,1,0,1,1,1.0,1
0b5aced3d0be099d4fe7cd69526d6d9ad803d0bd,2017-07-03 04:18:03,1,1,1,0.0,8,0,330.0,46,16.794282407407408,29,23.0,1.0595440743308528,20,1,1,1,0,0.0,1
e025e639fb4247b27aa1f3106e37ab2fba8434e6,2017-07-03 04:20:00,1,1,1,0.0,3,1,105.0,46,15.555358796296293,6,24.0,1.0642865274337547,21,1,1,1,1,1.0,1
1f0d2f96cc5c437c2ffacf7316deb457820b8695,2017-07-03 04:23:55,1,1,1,0.0,3,4,366.0,46,15.558078703703707,29,25.0,1.0642752886808535,22,1,1,1,1,0.0,1
123139f9f4225c40f680b7e9458c5a0e5b79f517,2017-07-03 04:25:30,1,1,1,0.0,2,2,124.0,47,0.2353587962962963,91,26.0,5.24883206294566,2,0,0,0,0,0.0,0
17a9a47f80e50d523e5f476302174bf1efe8d9fc,2017-07-03 04:27:26,1,1,1,0.0,0,2140,2140.0,47,0.015196759259259259,1,27.0,66.80350342726581,23,0,0,0,0,0.0,0
00970991637a6e0c356e4b742a3b54f268b00655,2017-07-03 22:08:02,2,2,2,0.6722948170756379,11,40,611.0,47,7.500787037037037,76,1979.5,1.0998821925895292,721,0,0,0,0,0.0,0
015f15a736bba3b658df52a90b1dc3b7397470ca,2017-07-03 22:08:09,2,2,2,1.0,4,4,518.5,47,3.7444270833333335,88,1981.5,6172.495337316766,722,0,0,0,0,0.0,0
32efca9169a23febbdb5b5c861572eec38d8edae,2017-07-03 22:15:04,1,2,2,0.9986746700955952,78,62,381.0,47,-0.6744502314814815,138,1989.5,0.052157996833111016,1217,0,0,0,0,0.0,0
619526c385f14d7dfd9e4f6e0891e4bc7c00cd00,2017-07-03 22:15:15,1,1,1,0.0,3,3,71.0,47,8.070590277777779,94,1983.0,1.123906674181377,1211,0,0,0,0,0.0,0
2d2ce49e815808adcd7591cb4eee2fcf3a81cf0b,2017-07-04 09:49:56,1,1,1,0.0,1,1,1184.0,47,8.832395833333333,468,1984.0,1.1132195633970587,1212,0,0,0,0,0.0,0
23e3d28e76722ed534416eb99a39c7fc9ec2befc,2017-07-04 09:50:01,2,3,3,0.8631030747648119,66,52,421.33333333333326,47,0.4857908950617284,174,1986.0,2.2632851467908943,723,0,1,0,0,0.0,0
6f2001f7ecb0f4160e384cf2639a9b4bc4316922,2017-07-04 19:02:32,1,1,1,0.0,23,19,71.0,47,0.3836921296296296,96,1988.0,3.6062562215317775,1215,0,0,0,1,0.0,0
25bfb7c0b36e30b9b44834a623fe96299a71cd26,2017-07-07 09:44:45,1,1,1,0.0,21,30,68.0,47,3.4789467592592587,98,1991.0,1.2874433181072655,1218,0,0,0,0,0.0,0
6423abb30249630205915fb31a673646a49be184,2017-07-07 10:03:05,1,1,1,0.0,165,174,520.0,47,3.0090740740740736,40,1992.0,1.332328143270355,724,1,1,0,0,0.0,0
9bec7bdcab7ffb80d9adad9fd63ae51994d7df33,2017-07-07 10:05:45,1,1,1,0.0,49,52,365.0,47,3.498333333333333,50,1993.0,1.2858504049547403,725,1,1,0,1,0.0,0
8cbac38757846443716ceafa97425005842c64a2,2017-07-07 22:51:53,1,1,1,0.0,10,4,710.0,47,4.0255671296296285,42,1994.0,1.2484122032494849,1219,0,0,0,0,0.0,0
42c71057601f5221904b2fcc2a7f62725fb0b66e,2017-07-08 02:04:08,2,2,2,1.0,8,2,317.5,47,12.883923611111117,263,10084.5,1.0582120806237316,443,0,0,0,0,0.0,0
ebc342e89f8305cd4d05d621a7a164bece424fc6,2017-07-08 14:58:54,1,1,1,0.0,68,59,365.0,46,5.440960648148148,30,28.0,1.1837910737950943,24,1,1,1,1,1.0,1
b4aa1dd237e2a22a71c9a3590cc417c93d7ad8a4,2017-07-08 18:04:37,2,2,2,0.5435644431995964,2,6,320.5,47,0.6670023148148149,265,10086.5,2.12443387877631,444,0,0,0,0,0.0,0
fd129d6545f9432f0ff95c485d5427ebce3b4e39,2017-07-08 22:38:22,1,1,1,0.0,11,8,845.0,46,21.22914351851852,54,29.0,1.0471050562698248,25,0,0,1,0,1.0,0
3214bd8976c1fe3964fc3d9b0275e86b1aa46736,2017-07-09 09:08:16,1,1,1,0.0,1,1,1610.0,46,13.853923611111117,56,1995.0,1.07218171747374,1220,0,0,0,0,0.0,0
a952501fef185f7eb9f2eaf9f7d89fe6c71d04c6,2017-07-09 18:58:41,2,2,2,0.7219280948873623,10,10,560.0,47,6.562766203703704,92,1996.5,1.1142810785453148,726,0,0,0,0,0.0,0
189df6803a3002ee5fca063d0fa19dc65f0b6d64,2017-07-09 22:05:19,1,2,2,0.9957274520849256,9,4,1151.5,46,22.44099537037037,149,471.5,1.0334209774398089,304,1,1,1,1,1.0,1
4923639b57e7aecf0fe9829b71abc1c60f5be8fe,2017-07-09 22:17:04,1,5,9,2.8746766064771854,0,345,32.0,30,581.2418557098766,10,10092.0,0.7782197788339229,21,0,0,0,0,0.0,0
d0dfa98321928cbe3cb55484bb101667bc629ad7,2017-07-09 22:37:00,2,4,19,3.988608500731241,32,32,263.0,47,17.98793981481482,760,2007.0,1.0090176919896947,727,0,1,0,1,0.0,1
47d8016ed3d0a0eff34591d88c2c1bf1421210cc,2017-07-11 00:46:16,1,1,1,0.0,33,37,0.0,1,0.0,0,120.0,0.0,96,1,0,1,0,1.0,0
d996cfe87d1e2238b01290c34108521e594136f9,2017-07-11 06:02:46,1,1,1,0.0,1,2,152.0,40,35.118541666666665,19,10097.0,1.0284749865040428,270,0,0,0,0,0.0,0
94faa8c968e6a9c474bc1a108386ddb69a4e02ec,2017-07-11 14:55:05,2,5,6,0.3520705141482428,427,324,263.8333333333333,47,233.97116898148155,611,2019.5,1.0290265256237336,731,0,0,0,0,0.0,0
5a1b55c6381db06522c3f4dc471ab1dd0303c83b,2017-07-11 23:54:36,1,1,1,0.0,35,30,0.0,1,0.0,0,121.0,0.0,97,0,0,1,0,1.0,0
97526a5f8aa06b7c0fc6e2db44dc6e73351bc31d,2017-07-12 10:56:17,1,1,9,2.3517802239744827,645,614,398.88888888888886,47,20.17659850823045,241,126.0,1.020798291638198,106,1,1,1,1,1.0,1
4398642f623ff77d2f7bf9083dbc6e52b675c8be,2017-07-12 13:02:17,1,1,1,0.0,26,51,1.0,46,17.729513888888892,3,131.0,1.0564031256732145,107,1,1,1,1,1.0,1
7cb8500a4f8e8c9592f2f24db0a8eecb2b721cfe,2017-07-12 13:10:31,1,1,1,0.0,20,17,0.0,1,0.0,0,132.0,0.0,108,1,0,1,0,1.0,0
4c6bc8b4394128ca70bbc5574dd380b3258155b5,2017-07-12 13:41:29,1,1,1,0.0,43,50,7.0,47,20.561909722222214,1,133.0,1.048633614946731,109,1,0,1,0,1.0,0
c6106f0d67fe959c20dfa65d519c58b2cda19f93,2017-07-13 13:00:01,1,1,1,0.0,84,102,6.0,47,21.533113425925926,1,134.0,1.0464401027487271,110,0,0,1,0,1.0,0
26e63326838d8e48c1635983d88896607dbb55df,2017-07-13 14:08:01,1,1,1,0.0,62,59,0.0,1,0.0,0,135.0,0.0,111,1,0,1,0,1.0,0
ae6fca7968e635b77e6de32b31d4a5d7b0e6ed4c,2017-07-13 17:30:55,1,1,1,0.0,119,134,0.0,1,0.0,0,136.0,0.0,112,1,0,1,0,1.0,0
4b30b98a9cbc41e4a20d0938be4ad4eec6c13700,2017-07-13 17:56:03,2,3,3,1.2512055240286717,61,14,979.3333333333336,47,12.0459375,585,474.0,1.1792679567397937,154,1,0,1,0,1.0,0
51e285cb8c608b9543def97f22a116144097423f,2017-07-13 18:49:56,1,1,1,0.0,10,1,124.0,47,42.12025462962963,93,2023.0,1.0237415468826854,32,0,0,0,0,0.0,0
d4b27a6f5bdfeae5bc2a1d8d0332edd7bef758af,2017-07-13 18:52:54,1,1,1,0.0,87,64,-3.0,47,21.778171296296296,1,137.0,1.0459175376295284,113,1,0,1,0,1.0,0
5f6de0ead8a9820b4101a08f70d5afc3d3954092,2017-07-13 18:53:40,1,1,2,0.06722154475830686,67,58,593.5,47,7.730353009259257,77,30.5,1.1355614164559251,27,1,1,1,1,1.0,1
9f24e0e6ded824f7f96a9a724c93ae583ff409dc,2017-07-13 22:29:19,1,1,1,0.0,3,1,53.0,29,57.91802083333334,4,2024.0,1.0172657833539864,17,0,0,0,0,0.0,0
f51f49a61dfe9f980124cd1d91c680d7af1b7862,2017-07-13 23:31:33,1,1,1,0.0,4,5,133.0,47,0.0497337962962963,94,32.0,21.107051431231085,3,0,0,0,0,0.0,0
a355d99a6ad80f83a6fc94b1035a85fbc947fb25,2017-07-14 10:06:11,1,1,1,0.0,1,1,937.0,46,4.500601851851851,26,476.0,1.2221925051176283,307,1,0,1,0,1.0,0
fac3e8d50df64a3d3183b5f548dbaa0e6365a480,2017-07-14 19:29:39,1,4,15,3.4717867132870186,3,73,494.9333333333333,47,10.450894290123452,344,40.0,1.0222943041402262,42,0,1,0,0,0.0,1
16eae41a1b195ed411720a7e868d895cafa186b1,2017-07-14 19:47:16,2,7,15,3.1638722749017614,36,771,103.06666666666666,47,110.28425308641977,290,55.0,1.004085020801633,55,0,1,0,1,0.0,1
299a939adfd0e3e946e6e07fe250a69e92dd0180,2017-07-14 20:42:43,3,6,8,1.97914177687276,14,77,138.875,47,47.35257812500001,315,66.5,1.0059382566223338,61,0,0,0,0,0.0,0
e71888e92899b0a6959b1b4b32d434b34d23ef29,2017-07-15 12:33:15,1,4,4,0.648832331134527,27,37,290.0,47,12.816218171296294,104,478.5,1.0512813426878969,158,0,1,0,0,0.0,1
c3e9cc5ac43c30ce5d7a73b644d39e3833abac87,2017-07-15 17:09:55,2,3,5,2.175967039601665,31,27,71.6,47,11.404097222222227,216,2027.0,1.1291278979511443,735,0,0,0,0,0.0,0
8bfa78ae85436ba3d142aeed0070a0431031a0a4,2017-07-16 09:14:24,1,1,1,0.0,91,70,98.0,46,13.355243055555556,22,2030.0,1.0748769599954242,736,0,0,0,0,0.0,0
7173fcf75f59b684deff71e20b48a4b92f64f142,2017-07-16 12:09:43,1,1,1,0.0,3,4,139.0,47,17.824872685185184,11,138.0,1.0561013824705257,114,1,0,1,0,1.0,0
316eb858fbdff6270ad5f4698ad9695888da806a,2017-07-16 18:23:22,2,3,3,0.7939924338116537,28,3,875.0,47,12.248097993827159,574,482.0,1.1293684096405163,159,0,0,0,0,0.0,0
b48275ea28c93a286c3c497bb9e1f4f1ddc2d458,2017-07-17 14:02:50,2,2,2,0.9182958340544896,7,5,1273.5,47,-0.5702893518518519,86,12.5,-3.2586781667489872,6,0,0,0,0,0.0,0
46448c92883a8f109331624929eac4eb7ee5a9bf,2017-07-17 14:16:58,1,1,1,0.0,6,6,336.0,47,0.009814814814814814,33,14.0,102.8867924528302,7,0,0,0,0,0.0,0
6bfbf1c5f1dda515f3b30032a7b5a59d425e7b4a,2017-07-17 14:41:37,1,1,1,0.0,8,0,336.0,47,0.017118055555555556,34,15.0,59.417849898580116,8,0,0,0,0,0.0,0
02101295331fba254f6f8945890591ae38834c64,2017-07-17 16:31:52,2,2,2,0.9544340029249648,5,3,145.0,46,19.285578703703703,84,3497.5,1.0342236708699746,670,1,0,1,0,1.0,0
680fdbdfb7fa8af9ec9115297ef246859577c6be,2017-07-17 17:11:18,2,2,2,1.0,5,3,1273.5,46,22.79032986111111,83,1244.5,1.027350736453438,115,1,0,1,0,1.0,1
3e3ac062389cc520b678a01f2058a643f5f206fa,2017-07-17 17:15:16,2,2,2,0.7793498372920852,57,8,1278.5,47,0.12016782407407407,90,16.5,6.821979307093486,9,0,1,0,1,0.0,1
9616de701963c9cda19a30fbfc6c84595af0e4ea,2017-07-17 17:25:20,1,1,1,0.0,119,142,427.0,46,23.56605324074074,22,3499.0,1.0424339192390184,671,0,1,1,0,1.0,1
2ee4e6590121cc5519dc7db20a2a8666f08cfef0,2017-07-17 18:41:45,1,2,2,0.8631205685666309,6,1,1706.5,47,-0.4378530092592592,529,18.5,-0.1052906898775784,9,0,0,0,0,0.0,0
82e100e3ca3af940055359d11bc314daf41fd346,2017-07-17 20:42:38,1,1,1,0.0,11,1,1610.0,47,8.295578703703704,58,1246.0,1.1205461409887574,1088,0,0,1,0,1.0,0
4ca3235b8a98fb5d958037eaad4e11d9195d9f36,2017-07-18 10:39:32,1,1,1,0.0,4,4,268.0,47,8.87675925925926,26,3500.0,1.1126537253961135,2781,1,0,1,0,0.0,0
6b6fde1338e86c6d6b5745590710bf5390c17dbe,2017-07-18 10:58:46,1,1,1,0.0,2,2,2222.0,47,0.6784837962962963,57,20.0,2.4738745500759114,10,1,0,0,0,0.0,0
a97753ff44860b813714343a397fc0c35ceb2c9a,2017-07-18 12:19:22,1,1,1,0.0,3,1,239.0,45,73.90158564814814,7,3501.0,1.0135315093881894,2782,1,0,1,0,1.0,0
f3514752794ef150b63127b972c5871acdaf2d44,2017-07-18 13:56:43,1,1,1,0.0,77,0,0.0,1,0.0,0,1247.0,0.0,116,1,0,1,1,1.0,1
704107beec76b3613909bc3dae53f1a18a4c9213,2017-07-18 14:16:48,2,8,30,4.299093832380218,17,241,309.43333333333334,47,17.063991898148142,728,3516.5,1.0043218105573948,699,0,1,0,1,0.0,1
f1647ecf39473005c38a3929c108ca9841ea9e4d,2017-07-18 18:46:37,1,1,1,0.0,1,1,1.0,47,4.103715277777779,1,2031.0,1.2436816231903678,737,1,0,1,0,1.0,0
179444d3a9e57d761d2b3d227a2d2f74def3f6ae,2017-07-18 20:03:23,1,1,1,0.0,18,11,137.0,47,-1.7774652777777775,99,3540.0,0.4374011056631049,27,0,0,0,0,0.0,0
192e75b57d4f249a203e5a9d3aa97d0951419f32,2017-07-18 20:30:02,1,1,1,0.0,20,31,376.0,47,20.172314814814815,12,139.0,1.0495728928077994,115,0,0,1,0,1.0,0
3e420cfb24664c6ecff4f71faba2a5099bee820f,2017-07-18 23:01:26,1,1,1,0.0,23,13,-10.0,47,3.2441087962962962,2,2032.0,1.3082510676404169,738,0,0,0,0,0.0,0
c3a0abdb33c802c958874adfe116840a46076c81,2017-07-19 01:09:15,2,2,2,0.3912435636292557,10,3,662.5,47,2.849033564814815,568,3532.5,1.2359175269970817,2785,0,0,0,0,0.0,0
283c617f9e5d56bda704c09efc58fc5b53620755,2017-07-19 12:12:18,1,1,1,0.0,1,0,77.0,1,0.927488425925926,1,1248.0,2.0781805702876395,117,1,0,1,1,0.0,1
01e9fa056760749c39c5d566de517758a02cde7e,2017-07-19 12:12:47,2,3,3,1.3534485046116531,67,2,225.66666666666663,47,11.410756172839505,52,1250.0,1.030028518607116,119,1,0,1,0,1.0,0
86273c6e7899be9cae365afe380aa808910a46a7,2017-07-19 12:28:03,2,2,2,0.7642045065086203,33,12,1304.0,47,1.431273148148148,94,21.5,1.6454784307179673,10,0,0,1,0,0.0,0
7a5b9a7197835217c24b6c662b5838db1cb5651e,2017-07-19 12:35:47,1,1,1,0.0,2,0,2239.0,47,0.00537037037037037,59,23.0,187.20689655172416,12,0,0,0,0,0.0,0
8420368e87956e9222e9390963521ecd09e4775b,2017-07-19 15:07:34,2,3,3,0.8366710871717787,61,47,942.6666666666664,47,2.7761689814814816,216,3536.0,1.1389927005632352,701,1,1,1,0,0.0,0
1208eb1351f1dce02ce1d23a578342e428c4ed63,2017-07-19 18:07:24,1,1,1,0.0,1,1,139.0,47,0.7070486111111111,97,3534.0,2.4143299120954667,25,0,0,0,0,0.0,0
8826b5e08093aa07f367e648171207375972ff50,2017-07-19 19:05:15,1,1,1,0.0,2,1,410.0,46,23.48449074074074,32,484.0,1.0425812938010703,310,1,0,1,0,0.0,0
f5b3503527e7f9e40c25dca2f54218ffe7af22a8,2017-07-20 00:43:38,2,2,2,0.3120895659343453,89,0,281.5,49,-36.904328703703705,52,3627.5,0.9864514538656324,722,0,0,0,0,0.0,0
0a9a84a62582190ba25b8be7c11d703e1f29cc4c,2017-07-20 01:43:05,2,2,2,0.74959525725948,55,1,850.0,50,-108.43451967592593,115,3629.5,0.9953893610744396,723,0,0,0,0,0.0,0
7b4bf01822aae12663a741bbc8998b3ead8262bc,2017-07-20 01:58:13,2,2,2,0.6554444445609848,58,13,347.0,50,0.031151620370370368,55,3631.5,18.678896007190023,724,0,0,0,0,0.0,0
6698c62329f02541a6db98af3f47c9f28771502c,2017-07-20 06:42:56,2,2,2,0.6840384356390417,8,14,74.5,47,2.898802083333333,101,3538.5,1.66898681511849,702,0,0,0,0,0.0,0
36d1351c3a94d4cce6193be020a9674518b8f8e7,2017-07-20 07:11:15,2,2,2,0.7219280948873623,16,14,770.5,47,20.24480902777778,56,10098.5,1.0268493475545497,445,1,1,1,0,0.0,1
0e2745f9b26ed7ab2d3dfc5070989538ea8eaf0f,2017-07-20 18:31:24,1,1,1,0.0,34,72,144.0,47,1.8944560185185184,100,2033.0,1.5278560126098937,34,0,0,0,0,0.0,0
51ce9876f85f64d3ecc3ca595de71aabe4eb24d4,2017-07-20 23:16:04,1,1,1,0.0,53,52,1.0,47,2.0412847222222217,2,140.0,1.489887564000068,116,1,0,1,0,1.0,0
a5c16d18d7da94ba9aeb295d83a4321043f79159,2017-07-21 01:11:17,2,2,3,0.6026085435485015,132,1,619.0,50,-125.10043209876542,155,3634.0,0.9964472988862776,725,0,0,0,0,0.0,0
b71471b8e5a873dbee45e62b12e3260660c476a0,2017-07-21 09:30:17,1,1,1,0.0,2,0,106.0,47,0.6242245370370371,101,2034.0,2.6019876513451874,35,0,0,0,0,0.0,0
9a500e4c1e3f9ac28ef4bac46f14f83dfd033ed1,2017-07-21 12:20:59,1,1,1,0.0,3,4,108.0,47,0.11854166666666667,102,2035.0,9.43585237258348,36,0,0,0,0,0.0,0
d76c93489d11d06bc83cd29e4b23961f937cf059,2017-07-21 19:48:54,1,1,1,0.0,1,1,107.0,47,0.3527199074074074,103,3541.0,3.835110746513536,28,0,0,0,0,0.0,0
13da40b82f612fef361fcf6a0bd8b2ed7ba18594,2017-07-23 18:28:25,1,1,1,0.0,9,15,60.0,1,39.846168981481476,1,1255.0,1.025096515563761,3,0,0,0,0,0.0,0
3d73f446cccd6940b9a124e22b82e16e10612c42,2017-07-23 18:48:27,1,1,1,0.0,0,3,54.0,1,0.013912037037037035,2,1256.0,72.8801996672213,4,0,0,0,0,0.0,0
d97da42b874ffea5a46b0651bd556734c2700a4b,2017-07-25 23:42:54,1,1,1,0.0,84,96,152.0,47,6.8722916666666665,6,141.0,1.145511868311759,117,1,1,1,1,1.0,1
1b8c667e97660cf3da1950df6b1effe1f6d2b167,2017-07-26 00:02:28,1,1,11,3.1049107696132743,113,130,106.63636363636364,47,29.10021043771044,105,147.0,1.008931524351783,128,0,1,1,1,0.0,1
aaff9a150cbf16ff77c1368b95ea5e19864e6b2e,2017-07-26 12:51:33,2,3,3,0.17169660475045392,432,419,827.3333333333335,47,18.70967978395061,523,3543.0,1.050921644986902,703,1,0,1,0,1.0,0
53410cdf3772b79bcbd5c275d2046fb76a8cdde9,2017-07-27 01:20:56,1,1,1,0.0,144,139,168.0,46,23.881203703703704,7,153.0,1.041873936188774,129,0,0,1,0,1.0,0
5672a7ae03c4852cc272b68bd72bcb57cf375c25,2017-07-27 02:25:45,1,1,1,0.0,92,117,237.0,47,6.2809027777777775,15,154.0,1.1592127812482724,130,1,0,1,0,0.0,0
ed3018af4bfa228157ef8d8f193bb8063118e7d2,2017-07-27 02:33:11,1,1,1,0.0,69,64,480.0,47,7.990543981481483,26,155.0,1.1251479251372063,131,0,0,1,0,1.0,0
1db2aaf2059d9c708dd3ad42d5feacaffba9d4f8,2017-07-27 22:02:29,1,1,1,0.0,26,0,0.0,1,0.0,0,1257.0,0.0,5,0,0,0,0,0.0,0
dc1612406c1dee327ced2a8dead3ddd7e352ae03,2017-07-28 14:59:10,2,6,10,2.7828621771384543,64,7,691.9,47,20.660680555555558,895,489.5,1.0665373767110773,162,1,1,1,1,1.0,1
3271028d734aa2d2b24081798a159021fc3e01f3,2017-07-28 21:02:50,1,1,1,0.0,21,19,152.0,47,9.76113425925926,13,156.0,1.1024471104934772,132,1,0,1,0,1.0,0
2b6052474e8545916478667d974cc5e3f4dab6c4,2017-07-29 09:38:00,1,1,1,0.0,2,2,93.0,47,0.7769675925925926,7,495.0,2.2870549679725904,163,1,0,1,0,0.0,0
fda6e366a584c9d5cb0737e1f7423cd9a8bbd25f,2017-07-29 13:21:13,1,1,1,0.0,51,44,76.0,46,26.39665509259259,15,157.0,1.0378835877686874,133,1,0,1,0,1.0,0
a46cf63712bc2c8332598e8604c3b7c81064eed0,2017-07-29 20:42:36,1,1,1,0.0,150,120,175.0,46,43.47799768518519,10,158.0,1.0230001392253798,134,1,0,1,0,1.0,0
b4e044bad08b77c982765efc7bc1d744831b65b7,2017-07-29 23:21:07,1,1,1,0.0,37,33,67.0,46,43.5880787037037,8,159.0,1.0229420527295467,135,1,0,1,0,1.0,0
a1e49ba10e1e556fe5fc6e33af2ce00cb0b4e413,2017-07-29 23:42:32,1,1,1,0.0,566,532,92.0,46,38.29413194444445,9,160.0,1.0261136615252373,136,0,0,1,0,0.0,0
0ad6d9bb922ce994076e1bac2caf854bffb228f3,2017-07-29 23:45:04,1,1,1,0.0,64,60,188.0,47,9.959918981481481,15,161.0,1.1004024231381102,137,0,0,1,0,1.0,0
0cb6d088e90e0d6ccfb34cfb198e096b9a781d73,2017-07-30 16:48:21,1,1,1,0.0,121,117,285.0,47,15.887986111111116,12,162.0,1.0629406391097396,138,1,0,1,0,0.0,0
b307b2c2ae7703b172061b2c0a9beaedc13b021f,2017-07-30 16:56:11,1,1,1,0.0,61,76,107.0,46,27.52512731481481,7,163.0,1.0363304404939762,139,1,1,1,1,1.0,1
a4e57912a24ea44bf4db4bbf145618465bffa6c5,2017-07-30 23:53:57,1,1,1,0.0,174,170,390.0,47,10.955486111111114,37,164.0,1.0912784690572328,140,1,0,1,0,0.0,0
3f87c79fde1db57296fd9e45dacc5ba5b9ed7dc8,2017-07-31 12:38:59,2,2,2,0.9709505944546686,4,11,1317.5,47,6.527164351851853,98,24.5,1.0799604236381062,11,0,0,0,0,0.0,0
5fb8893553d434874bb52db954776a1b8823670d,2017-07-31 17:41:39,1,6,9,2.7553758801483927,29,29,427.5555555555555,47,34.15031507201646,457,500.0,1.0081351339693958,326,0,1,0,1,0.0,1
5b00422e9ef79b4b336a22b44a392780ac764183,2017-08-01 17:58:31,1,1,1,0.0,120,0,0.0,1,0.0,0,1258.0,0.0,6,0,0,0,0,0.0,0
f3161a8644ab9f5a92850a084bb8a3e9d434516f,2017-08-01 22:35:10,1,1,1,0.0,19,0,26.0,1,5.022696759259259,1,1260.0,1.1990962321498937,8,0,0,0,0,0.0,0
081429ac47f003c4ffc11ca6b2f7bc7e50b3bc1c,2017-08-02 00:51:32,1,1,1,0.0,73,57,85.0,47,13.919953703703706,9,165.0,1.0718393193889666,141,1,1,1,1,1.0,1
8e3f0e1ac38cd35c22192c473f80f3858c844db7,2017-08-02 02:15:52,1,1,1,0.0,41,51,34.0,46,29.917534722222214,11,166.0,1.0334252139852025,142,0,0,1,0,1.0,0
0f9ef862a79b1b9aa7970a7d35e492fe2df0b5e8,2017-08-02 15:29:29,2,5,6,1.6018900868551706,91,157,509.16666666666674,47,125.48405671296295,611,2.5,0.8398855401045315,4,1,0,1,0,1.0,0
36e5b14d4390c266b22e15604d1306c79ab9df65,2017-08-02 21:36:44,1,5,33,4.270515660663252,521,333,350.1515151515151,47,26.198589015151523,634,88.0,0.9767273310869008,95,0,1,0,1,0.0,1
f54822f52725dbe51c9dfcf8ac4c6316eb7a9f11,2017-08-03 09:21:31,1,1,1,0.0,4,2,45.0,1,1.1155208333333333,2,2122.0,1.896442244840788,0,0,0,0,0,0.0,0
65e5b4f78cf211fc48c049fbbd34eac37ea74600,2017-08-03 09:28:38,1,1,1,0.0,8,5,47.0,1,0.00494212962962963,3,2123.0,203.34192037470729,1,0,0,0,0,0.0,0
a486eacb33c9270f4a1ccd62c700f9be377f5737,2017-08-03 13:45:49,2,6,8,2.7295691874260983,84,33,849.25,50,-114.12171730324074,942,518.5,0.9976561431988424,171,0,1,0,1,0.0,1
0d11e113c935b76ad77e50af67321ab572131d12,2017-08-03 17:01:17,1,1,1,0.0,21,2,371.0,47,0.4149189814814815,33,10104.0,3.410109068593266,447,0,1,0,0,0.0,0
349c93674933bababe398973c7a56e99e82aa1af,2017-08-03 17:52:45,2,2,2,1.0,2,2,1568.5,50,0.17148148148148148,174,523.5,5.373650107991361,172,0,0,0,0,0.0,0
eda6c13c41f887677e4ba82a4f0aa78d56ad15c8,2017-08-03 18:16:41,1,1,1,0.0,1,2,663.0,46,40.59045138888889,71,10105.0,1.0246363360293582,5612,1,0,1,0,1.0,0
4e070eaabdfabdc348542278baeb5391352da19d,2017-08-03 19:33:48,1,3,14,2.6741528449015544,126,137,486.5,47,9.363015873015874,381,111.5,1.01951742230056,109,0,1,0,1,0.0,1
ef1b0d4aae3088b1c2d6d954bd8da750408a167d,2017-08-03 20:19:45,1,1,1,0.0,1,2,107.0,47,12.833923611111107,104,119.0,1.077918494008663,5,0,0,0,0,0.0,0
b6a7cbcf8eced94766a70ca2f179bfc6fa10473c,2017-08-03 21:48:28,1,1,1,0.0,153,131,347.0,47,21.121388888888887,23,167.0,1.0473453713323777,143,1,0,1,0,1.0,0
858069f3e97a49d53c574e1b65cfa7cac4a47647,2017-08-03 23:49:22,1,1,1,0.0,171,189,343.0,47,15.876782407407408,34,168.0,1.0629850541715204,144,0,1,1,1,1.0,1
ea2ca62f7834b2943a656239cbbf7e6724f0d03c,2017-08-04 05:37:23,1,1,2,0.8112781244591328,2,6,68.5,47,24.893402777777766,20,169.5,1.064198858556742,146,0,0,1,0,1.0,0
559528f3349bebcaeb82e7f97fd6b76ae8aecce2,2017-08-04 17:38:41,1,2,2,0.06083062635414601,76,65,692.5,47,25.151944444444453,504,2036.5,1.2540735918258583,1243,0,0,0,0,0.0,0
0fa638a501c15b5a64e271492613bedf27b4668b,2017-08-04 19:41:35,1,1,1,0.0,6,9,191.0,47,0.08534722222222223,28,2038.0,12.716842961757527,1244,0,0,0,0,0.0,0
a5a584d901e29d67feb25e24d70712f13657df0d,2017-08-04 19:43:21,1,1,1,0.0,9,4,289.0,47,5.267361111111111,13,2039.0,1.1898483849703363,739,0,0,0,0,0.0,0
4cb8c087f115340de7fbee20a8cfbfdfbb98aa8a,2017-08-04 19:56:46,1,1,1,0.0,57,27,188.0,47,0.010543981481481479,29,2040.0,95.84083424807902,1245,0,0,0,0,0.0,0
74b5e23b4847fca597b6b84460f6d4af5dc149dd,2017-08-04 20:37:31,1,1,1,0.0,64,73,294.0,47,0.037615740740740734,14,2041.0,27.584615384615393,740,0,0,0,0,0.0,0
59299cc6e6a70b6770471a320322222f345f189a,2017-08-05 09:53:47,1,1,1,0.0,1,1,232.0,47,21.695185185185185,119,2042.0,1.0460931765027228,741,0,0,0,0,0.0,0
0b9066c989265efa548837fd626c615315bf5c55,2017-08-05 13:09:17,1,3,8,1.834214572326181,21,52,413.0,47,5.757145543981483,285,123.5,1.0417745684549324,117,0,1,0,1,0.0,1
1f69ba0266f2e029ac9314520ca2d1fb54d80b6c,2017-08-05 13:12:06,1,1,1,0.0,9,17,47.0,46,48.924872685185186,6,171.0,1.0204395013234813,147,1,0,1,0,1.0,0
1703f85bbe42e19d9c592d491c191fe9e79c51e7,2017-08-05 14:17:41,1,1,1,0.0,13,42,130.0,47,10.593900462962962,11,128.0,1.0943939395594728,118,0,0,1,0,1.0,0
b939af1c267e3f8181a673d45795f8064c040589,2017-08-05 14:21:31,1,1,1,0.0,6,13,67.0,47,10.5965625,10,71.0,1.094370226193636,62,1,0,1,0,1.0,0
d4705e824484da79d89545e6bc598336f06bc80c,2017-08-05 15:50:32,1,1,1,0.0,28,36,141.0,47,2.759583333333333,16,129.0,1.3623735467310891,119,1,0,1,0,1.0,0
2542b16826c9238edaf758141a4d585a50962c79,2017-08-05 23:47:58,1,1,1,0.0,96,86,221.0,47,0.4435300925925926,22,172.0,3.254638448892252,148,0,0,1,0,1.0,1
833d83a8a8945a6732888e92f26d5542ab3478b8,2017-08-06 01:02:47,1,1,1,0.0,11,24,84.0,47,11.041886574074073,8,173.0,1.0905642340456532,149,0,0,1,0,1.0,0
995201211b309a87bc43b76ef129949066ce6350,2017-08-07 17:54:40,1,1,1,0.0,2,1,59.0,46,75.8069212962963,44,10100.0,1.0131914076300692,5609,0,0,0,0,0.0,0
f15526ba42fd1a0668d5f065cf8b6c1f199ff474,2017-08-07 21:32:23,1,1,1,0.0,10,17,59.0,47,12.895775462962966,9,174.0,1.0775447744784352,150,1,0,1,0,1.0,0
2a702aab36ac2d46e48fa259e17031835cc88c72,2017-08-07 21:33:06,1,1,1,0.0,25,29,105.0,47,4.997476851851851,7,175.0,1.2001009768818525,151,1,0,1,0,0.0,0
782cd7b059e0d8a55c9b7833b74640ad30d6861f,2017-08-08 09:17:11,1,1,1,0.0,17,47,208.0,47,13.385219907407407,13,130.0,1.0747092693969562,120,1,0,1,0,0.0,0
3a21ed4e1015cb7ead4b10ceda8a7601acf2404f,2017-08-08 09:40:01,1,1,1,0.0,13,24,83.0,47,13.401076388888884,8,131.0,1.0746208715614158,121,0,0,1,0,1.0,0
812df80b15fe95bc722b004c04f181d299f66c78,2017-08-08 09:44:21,1,1,1,0.0,26,36,140.0,47,5.505289351851852,16,132.0,1.1816434952076809,122,0,0,0,0,0.0,0
9801d05d8f7272b676861f60e831c1bae78c650d,2017-08-08 09:48:32,1,1,1,0.0,12,20,66.0,47,13.40699074074074,9,133.0,1.074587953354904,123,1,0,1,0,1.0,0
1c19bd33281e3ae618f90487b89c8ca2aca59f7f,2017-08-08 13:04:55,1,1,1,0.0,4,6,44.0,46,44.865011574074074,8,176.0,1.022289083740655,152,1,0,1,0,1.0,0
559a4590724d9998b5704e58c56563b0467033a9,2017-08-08 17:38:12,1,1,1,0.0,82,96,168.0,46,45.05479166666667,8,177.0,1.022195197514138,153,0,0,0,0,0.0,0
753edd829d6224450020ee44d21f701700008c2a,2017-08-08 17:38:52,1,1,1,0.0,12,29,88.0,47,13.733611111111117,9,178.0,1.0728140612042636,154,1,0,1,0,0.0,0
1cc027534bb0722f97cb9cd22f6cadfc76fe9b21,2017-08-08 18:26:11,1,1,1,0.0,10,19,133.0,47,3.1080902777777784,17,134.0,1.321740976171059,124,0,0,0,0,0.0,0
64f9816a7bf0b6213e12d0bfff6f54b3a433eec8,2017-08-08 18:37:45,1,1,1,0.0,15,16,46.0,44,121.80778935185184,4,138.0,1.0082096556001967,128,1,0,1,0,1.0,0
929867e1582a60eca9c0d8830c41f52815adb411,2017-08-08 18:44:14,1,1,1,0.0,50,41,79.0,47,11.010462962962963,3,135.0,1.0908227023117745,125,0,0,1,0,1.0,0
979da77586ad837b3e8773e4cb2bd4892c871fbc,2017-08-08 19:23:48,1,1,1,0.0,97,115,93.0,47,10.260972222222222,8,149.0,1.0974566520932876,139,1,1,0,1,0.0,1
0d7ada4a9cc5a592e5a2542d71b09f776ba5e873,2017-08-08 19:26:48,1,1,1,0.0,1,6,43.0,46,45.13020833333334,6,136.0,1.0221581073283323,126,1,0,1,0,1.0,0
262fd3e940f79183937d48710046303f59c7df4a,2017-08-08 19:28:05,1,1,1,0.0,0,9,63.0,46,45.13109953703704,7,137.0,1.0221576697722452,127,1,0,1,0,1.0,0
8fb4f0ae56d36282ba0fd5c577ef9c8b19b4f546,2017-08-09 01:02:31,1,1,1,0.0,30,47,141.0,47,14.041701388888884,11,179.0,1.0712164411067229,155,0,0,1,0,1.0,0
9b3cc87c2a8a8fc457582c2dcbce93856c4fb98c,2017-08-10 00:00:28,1,1,1,0.0,91,50,662.0,46,6.238738425925926,72,10106.0,1.1602888167012042,5613,0,0,0,0,0.0,0
31319117ad27702b278d839698d0698b2a7950f9,2017-08-10 00:06:54,1,1,1,0.0,7,7,703.0,46,0.0044675925925925924,73,10107.0,224.83419689119168,5614,0,0,0,0,0.0,0
a8a2de58c23c42f29457996ce7de9f04557491ab,2017-08-10 00:32:21,2,3,3,1.3830302055439916,24,7,767.3333333333335,48,0.6633641975308645,588,10109.0,1.0136017135782285,448,0,1,0,1,0.0,1
366d70c9098ab138b79904757b3fb3307134c2bb,2017-08-14 00:15:51,1,1,18,3.6560532895640647,285,101,85.5,47,6.0821264146090535,197,158.5,1.0233316622894844,157,0,0,0,0,0.0,0
ab5b5d9913f14715288e17343c4044e3bb09628f,2017-08-14 00:34:11,1,1,1,0.0,5,3,124.0,47,5.255555555555556,18,139.0,1.190274841437632,129,0,0,0,0,0.0,0
beb08df3f45c40555a0b1e0a7739c4df96842de7,2017-08-14 09:41:49,1,2,3,1.274311381516504,33,0,118.33333333333331,48,11.358040123456789,125,1.0,0.3431159287374157,2,0,0,0,0,0.0,0
a6be297934840598fbb228c3544393699aad8bbf,2017-08-14 10:16:56,2,2,3,1.0269387015135183,121,0,64.33333333333333,48,5.698557098765433,62,4.0,0.7056628929693506,3,0,0,0,0,0.0,0
5408508c1a05a34adcd60c4f9f206d2a5787d6c4,2017-08-14 10:39:12,2,4,5,1.3524098465334484,186,10,49.8,48,5.364173611111111,88,8.0,0.8298651221935659,5,0,0,0,1,0.0,1
36ae1d30376f98d673d2d1fa85bb13eab61cb748,2017-08-14 10:43:08,1,3,4,1.4209416376750632,57,1,366.5,48,2.980491898148148,537,12.5,1.0836684130545495,8,0,0,0,0,0.0,0
d4f04eaae54a99b7105a6f8d19362e23f2804711,2017-08-14 10:45:29,1,3,4,1.918295834054489,6,0,10.5,45,74.61078703703703,28,16.5,0.7539882478460351,12,0,0,0,0,0.0,0
f67a99e5ce53cbf1b66a8d10e5b305f7973d5076,2017-08-14 11:50:55,1,2,2,0.8904916402194913,13,0,124.5,48,0.04707175925925928,5,19.5,16.933120236046225,14,0,1,0,0,0.0,1
6f9ff86c02c4e65ef70dd63d0f963b4934842a96,2017-08-14 11:57:01,2,3,3,1.4684843111737709,22,15,939.0,47,17.120895061728394,586,10102.0,1.047864035243659,446,0,0,0,0,0.0,0
f65c1ee8cc431920f4865087dd43cc79bd625b07,2017-08-14 12:02:10,1,2,2,1.0,2,0,131.0,48,0.0078125,7,21.5,97.0,16,0,1,1,0,1.0,1
cebbb707fa825d52ccdf2526a4a1240d0880058b,2017-08-14 14:20:39,1,2,2,0.9910760598382222,13,14,132.0,48,0.09616898148148148,9,23.5,8.798772415453122,18,0,1,0,0,0.0,1
09d168c14820172ff1d3e2cab52d8f80823c344c,2017-08-14 20:27:31,1,1,1,0.0,114,109,297.0,47,9.304328703703703,10,180.0,1.1074768564014659,156,0,0,1,0,0.0,0
12467b09e353356172c6f3df0395e079d5db7537,2017-08-14 22:53:38,2,2,2,0.828055725379504,15,31,554.0,48,4.931446759259258,110,10111.5,1.1520851864803778,449,0,1,0,1,0.0,1
50925938392f2421ee8c067eae7173efdb5a86af,2017-08-14 23:58:17,2,3,3,0.9001030116445712,97,50,767.6666666666665,48,1.6887114197530864,593,10114.0,1.199164671339119,450,0,1,0,1,0.0,1
d2101fca3c0d5c16da15635a1a5f69954a4d912e,2017-08-15 10:40:23,1,1,1,0.0,6,6,159.0,48,0.847037037037037,5,25.0,2.180585920419764,19,1,0,1,0,0.0,0
c60860ea6652effab577928edee0b8097182cbe9,2017-08-15 11:02:46,1,2,2,1.0,8,0,175.5,48,1.0240972222222222,150,26.5,1.736066339592687,21,0,0,0,0,0.0,0
8440f6676a094d9fa855ebb16802efe5a2d8bb81,2017-08-15 11:12:40,1,1,1,0.0,3,5,47.0,48,1.0387037037037037,1,28.0,1.9627384560527723,6,0,0,0,0,0.0,0
77fa82e62d128687eb2d0bf254a37909cd77dea0,2017-08-15 17:24:55,1,1,1,0.0,1,2,161.0,48,0.015381944444444445,88,3545.0,66.01128668171557,2789,0,0,0,0,0.0,0
5428d7ec1aba709846caf0523d7cf539b48c7d2f,2017-08-15 21:20:41,1,1,1,0.0,28,30,82.0,47,12.074224537037034,8,181.0,1.082821053802052,157,0,1,1,1,1.0,1
6840e49fde6059462e87dd707d564993949ce0c3,2017-08-15 21:26:07,1,1,1,0.0,51,43,87.0,47,12.077997685185185,6,182.0,1.0827951806305274,158,1,0,1,0,1.0,0
4fd0215b3bb2afea13a466245a11f4760c5c3578,2017-08-15 21:27:12,1,1,1,0.0,19,21,59.0,47,12.07875,7,183.0,1.082790023802132,159,1,0,1,0,1.0,0
0acb79661255cb39228b8734eb614eb8a3c3f990,2017-08-15 22:08:59,1,1,1,0.0,130,136,1039.0,47,-1.0030902777777777,33,140.0,0.0030807573817023264,130,0,0,0,0,0.0,0
150865cd64c0c390301781ecb20ea1d64da9789d,2017-08-16 01:14:49,1,1,1,0.0,52,44,94.0,47,44.102939814814825,3,184.0,1.0226742254416357,160,1,0,1,0,1.0,0
b345f66315e6db05d4c2213cfcb7eef51ce60c6e,2017-08-16 16:04:44,2,3,3,0.8365243283922288,59,89,675.3333333333334,48,10.756373456790122,612,10117.0,1.228334044661274,451,0,0,0,0,0.0,0
81d1352a1eeb2fe4026f73f28789f2b8109e7b50,2017-08-16 16:48:07,1,1,1,0.0,113,94,481.0,48,0.03012731481481481,95,10119.0,34.19247022666154,5622,0,1,0,1,0.0,1
d5b6bf47a74002c6db93b266c3aefdc307ec8d9f,2017-08-16 16:59:24,1,2,2,0.11327430349709673,32,34,1725.5,48,8.109403935185185,544,10120.5,14.201560113695415,5624,0,0,0,0,0.0,0
c5125953931a4f0f56c81f21685be9ab4ed13d05,2017-08-16 17:33:13,1,1,1,0.0,3,2,104.0,48,1.883726851851852,6,3546.0,1.5308625287243325,2790,0,0,0,0,0.0,0
59e2c225e5f7ad5d9ee06808e6ce49847a225f65,2017-08-16 17:36:29,1,1,1,0.0,4,4,159.0,48,1.0389583333333334,6,3547.0,1.962502506516944,2791,0,0,0,0,0.0,0
0acc0f93d47baea8c50d41765ba45366e5a4261b,2017-08-16 17:39:28,1,1,1,0.0,6,4,159.0,48,0.0020717592592592593,7,3548.0,483.68156424580985,2792,1,0,1,0,0.0,0
ebf171bd54e92ddd98a2136056fede7634e62821,2017-08-16 18:29:47,2,3,4,1.7612493148876371,91,17,742.5,48,12.513466435185187,242,10123.5,4.689539101998582,452,0,1,0,1,0.0,1
9085e7b414ed1423d784add408bc57dbc22eb113,2017-08-16 18:43:26,3,3,4,1.7841591278514215,8,4,502.5,47,14.226987847222222,190,2044.5,1.0341543902716976,743,0,0,1,0,0.0,0
6b136c4a2fb79d3a761da4ed67beed5c62be4bbe,2017-08-16 21:16:08,1,1,1,0.0,189,200,464.0,47,13.985694444444444,9,185.0,1.0715016336137124,161,1,0,1,0,1.0,0
85a2786572f53c31a1797e91c7917d621945dba2,2017-08-17 18:31:13,1,2,3,0.9506646321246468,323,248,460.33333333333326,48,1.46045524691358,264,10127.0,1.5755825878039518,5630,0,1,0,1,0.0,1
a8ae6c938fa871353aaa9c905a33f441eb044e80,2017-08-18 07:07:59,1,3,3,1.1246581201547063,38,16,89.33333333333331,48,2.242079475308642,16,3550.0,1.3696201331793478,2795,0,0,0,0,0.0,0
8a075f205a5ee5fa645f9e2335b191e13102552d,2017-08-18 08:34:14,2,4,4,1.7841591278514215,32,16,756.0,48,1.7791435185185185,187,10130.5,1.6224829503132052,454,0,0,0,0,0.0,0
4a8f881051b5da5816e84f2989af95c9c72be15b,2017-08-20 04:45:08,1,1,1,0.0,100,137,367.0,47,32.082175925925924,24,186.0,1.031169955626105,162,0,0,1,0,1.0,0
9a0790bf066e8d315a41a1b295ba942b4f17b3c4,2017-08-21 00:51:07,1,1,1,0.0,437,434,1308.0,47,17.220358796296292,34,146.0,1.0580707993270777,136,1,1,0,1,0.0,1
f240c55cc89687fe3191b9312011d58982db8310,2017-08-21 12:57:42,1,1,1,0.0,1,1,105.0,47,4.759907407407408,106,2047.0,1.2100881202949014,38,0,0,0,0,0.0,0
c7a47410f28b6f33980c735c76b51e31d012f66e,2017-08-21 14:42:17,1,1,1,0.0,76,70,171.0,47,18.7121875,8,187.0,1.053441106230899,163,1,0,1,0,1.0,0
38e9e92adad7d8f9d515d1224700a6dd8e655903,2017-08-21 14:51:39,1,1,1,0.0,7,10,67.0,47,18.718692129629627,7,188.0,1.053422535777332,164,1,0,1,0,0.0,0
09d8b684a75eb14023e60dd9e9a61e9cee48805f,2017-08-21 19:32:36,1,1,1,0.0,68,85,44.0,47,18.913796296296297,8,141.0,1.0528714587137549,131,1,0,0,0,0.0,0
2cd27612ead580cd722c0f73cfbc8574b6d0e2e2,2017-08-21 19:37:57,1,1,1,0.0,32,35,107.0,47,18.917511574074076,10,142.0,1.052861075098824,132,0,0,1,0,1.0,0
a0024fac891e617edeb89e53d568e289a78e8e15,2017-08-21 20:11:13,1,1,1,0.0,16,24,1138.0,47,18.025983796296295,48,145.0,1.0554754742543075,135,1,0,0,0,0.0,0
56776ef50c6e9d3583ef7b9bd0273293df7e1036,2017-08-24 03:37:07,1,1,1,0.0,96,88,414.0,48,5.272835648148149,38,189.0,1.189651274329251,165,0,1,1,1,1.0,1
86c55f151279239ae05a24540f1ba0e453bd5350,2017-08-24 23:30:18,1,1,1,0.0,63,78,1311.0,47,3.9438773148148147,35,147.0,1.2535575831032044,137,0,1,0,1,0.0,1
f08aa4f791eeeb067940cdd0eb770f76eb801541,2017-08-25 02:54:51,1,1,1,0.0,80,91,-3.0,47,21.306284722222227,10,190.0,1.046934508434359,166,1,0,1,0,0.0,0
bf47a6abee82572dfdb453afe520b4ed191a58c0,2017-08-25 05:53:15,1,1,1,0.0,42,53,124.0,46,61.564606481481476,6,191.0,1.0162430990328963,167,1,0,1,0,1.0,0
ef5dee9cf5f29051d2062193f12ebad45e29bc87,2017-08-25 12:40:49,1,1,1,0.0,41,45,115.0,46,61.8476388888889,8,192.0,1.016168765986306,168,0,0,1,0,1.0,0
164ea6560415dd2c0960d8a9f0f8105500ecfddc,2017-08-25 13:33:54,1,1,1,0.0,9,10,39.0,46,61.884502314814824,5,143.0,1.0161591345586471,133,1,0,0,0,0.0,0
2364f1327c8fc550854f42ca15032f93f92fadbf,2017-08-25 14:20:46,1,1,1,0.0,244,244,718.0,47,22.697245370370368,22,193.0,1.0440582098700588,169,1,0,1,0,1.0,0
b997234b1dc6360acd06493cee15fcca664f49a9,2017-08-25 14:21:36,1,1,1,0.0,296,316,168.0,47,21.78319444444445,20,194.0,1.0459069491644295,170,1,1,1,1,1.0,1
e8de75d6a610f7452a80da0dd25ffc03f59f396b,2017-08-25 14:45:43,1,1,1,0.0,41,43,88.0,46,61.934375,5,195.0,1.0161461224077906,171,1,0,1,0,1.0,0
1215ca301a51a3859efb1472a726338082b0b8b4,2017-08-25 14:46:29,1,1,1,0.0,8,17,202.0,47,21.80047453703704,18,196.0,1.0458705611339372,172,1,0,1,0,1.0,0
2ce3e75477c29a5d678d474bfb73edeb97b2e311,2017-08-25 16:56:13,1,1,1,0.0,54,65,70.0,46,62.025,11,197.0,1.0161225312374045,173,1,0,1,0,1.0,0
a3bae230e09ef2969541b42f309ce29e9834db33,2017-08-26 12:39:56,1,1,1,0.0,125,148,280.0,47,23.627222222222233,19,144.0,1.0423240612288085,134,1,0,0,0,0.0,0
e377b797c41a7cb093bb187b4174dfe27ca82db0,2017-08-26 14:34:16,1,1,1,0.0,226,245,901.0,47,21.059016203703703,52,148.0,1.0474855990577625,138,1,0,1,0,0.0,0
fba975ee1c311386a3bf039f41c115cef1c96d03,2017-08-26 22:34:42,1,1,1,0.0,11,3,52.0,48,12.059375,1,198.0,1.0829230370562322,174,0,0,1,0,1.0,0
d15c51ec30f6da2260586952bfaf3dbba2cd763e,2017-08-26 22:36:55,1,1,1,0.0,22,37,177.0,47,45.48655092592593,18,199.0,1.021984520251458,175,1,0,1,0,0.0,0
e0307aa0b8d1e237305b5a94beb722d589421ef1,2017-08-27 13:15:43,1,1,1,0.0,3,5,62.0,47,24.652071759259247,5,200.0,1.0405645419892309,176,1,0,1,0,1.0,0
be5d599b79d8bf4d73773daa2f4a57124ed150ec,2017-08-27 13:19:15,1,1,1,0.0,116,129,409.0,47,24.65452546296296,24,201.0,1.0405605048656177,177,1,0,1,0,0.0,0
db2cc3cb33d85799b12e5146ac1a7303f73d4d7a,2017-08-27 13:25:51,1,1,1,0.0,93,91,268.0,47,24.65910879629629,9,202.0,1.0405529659754045,178,1,0,0,0,0.0,0
e9f0cb9564d6b2ec9379db0a787846fb5067c2ed,2017-08-28 11:42:17,1,1,1,0.0,39,161,232.0,47,22.93958333333333,16,203.0,1.0435927708654982,179,0,0,1,0,0.0,0
141dc1159cc82e548c5b301f83fed96e79345015,2017-08-28 16:58:56,1,1,2,0.7798556012526701,246,282,315.0,47,24.48328125,45,204.5,1.0318004816051325,181,1,1,1,1,1.0,1
318ec85acc9f005e5ee8807f55cda0732bf0d92e,2017-08-30 01:35:41,1,2,2,0.3159971329784247,20,15,1006.0,49,-37.5445949074074,572,10402.5,0.9816179256559742,5788,1,0,1,0,1.0,0
7049b087e910404ab07a6721529e9f072a91b42d,2017-09-02 14:39:42,2,2,4,1.0728332234750502,291,3,29.5,47,38.690769675925935,35,1.5,0.7548461170860777,2,0,1,0,0,0.0,1
9b11a67d42ad4f8dd07d90d67448b988b5c55700,2017-09-03 13:02:32,1,1,1,0.0,37,8,63.0,47,0.9325231481481482,1,4.0,2.0723594389971454,1,0,1,0,0,0.0,0
b270733d1e2c7717654c5d61f50e20ce5e8eb3b9,2017-09-03 13:02:58,1,1,1,0.0,5,12,215.0,47,0.9328240740740741,1,5.0,2.072013499429252,3,0,0,1,0,0.0,0
53edb84fe7c6e81c96b281ad68dea033f2229e49,2017-09-03 16:38:53,2,2,2,0.3591016256485496,32,12,150.0,47,0.1500925925925926,4,6.5,6.000258332656747,2,0,1,0,0,0.0,0
20257f3ab6f3422ce20e16244a70dc2a97ed2210,2017-09-03 16:45:35,1,1,1,0.0,3,4,87.0,47,1.0874189814814814,22,8.0,1.9196087405404836,5,0,0,0,0,0.0,0
bad5eaaebc9115823b7608438fb2ea6ab64e0648,2017-09-03 17:05:36,1,1,1,0.0,33,61,209.0,47,0.01855324074074074,3,9.0,54.89893948845914,6,0,0,0,0,0.0,0
211a2e0ee835463ce55a5f521ffd532da56b0716,2017-09-03 18:05:04,1,1,1,0.0,1,0,181.0,47,0.041296296296296296,4,10.0,25.2152466367713,7,0,0,0,0,0.0,0
7dba4c520a1e4401ec3138a712de3f5171cad695,2017-09-03 22:13:43,1,1,1,0.0,53,60,1130.0,47,13.230902777777779,49,2048.0,1.0755806324629311,744,0,0,0,0,0.0,0
49aaf082578fe3947a7d6a41ff6ec7c5feb2caee,2017-09-04 00:36:24,1,1,1,0.0,289,359,814.0,47,29.47716435185185,59,206.0,1.033924565743963,182,1,1,1,1,0.0,1
3703d7d3b1c00f203539fbf5d71e61e0ec2a5b21,2017-09-04 00:38:38,1,1,1,0.0,54,82,492.0,47,31.21168981481481,37,207.0,1.03203927778128,183,1,1,1,1,1.0,1
b2ac8887fd7cef70a7447962f76d5216d0c1a787,2017-09-04 10:44:02,1,1,1,0.0,126,108,265.0,47,32.54673611111111,7,208.0,1.0307250471010705,184,0,0,1,0,0.0,0
b786cd3b22633d7faa5748d9642157443c780d22,2017-09-04 14:29:02,1,1,2,0.7871265862012691,10,7,616.5,47,3.9694675925925926,67,2049.5,1.8012025125154856,746,0,0,0,0,0.0,0
383e2ee4694b23e22b85c7f7a08f780ea96f6798,2017-09-04 16:47:49,2,2,2,0.8835850861052532,19,34,146.5,47,0.9762789351851852,8,11.5,1.7844177796308085,3,0,1,0,0,0.0,0
c95ad7bb9612b6d8ec4e41b861d412879e9b63b9,2017-09-04 17:17:22,1,1,1,0.0,70,74,107.0,47,0.020520833333333332,4,13.0,49.73096446700508,4,1,0,0,0,0.0,0
75d42ca2dcdabd8bd261fe04234b87ffe6b47577,2017-09-04 17:23:37,2,2,4,2.0,4,0,384.0,48,59.190355902777775,606,15.5,1.0204131375256047,6,0,0,0,0,0.0,0
c791a5c81c42670791971900b4d16033af35c775,2017-09-04 17:40:32,1,1,1,0.0,4,4,171.0,47,0.0366087962962963,6,18.0,28.315839392981342,11,0,1,0,1,0.0,1
72f7605627d5263091b4657f6ea7915f4693d22c,2017-09-04 18:13:56,1,1,1,0.0,2,1,171.0,47,0.023194444444444445,7,19.0,44.113772455089816,12,0,0,0,0,0.0,0
446514ce8e142371d35d02a4495f11ac40cc7810,2017-09-04 18:15:37,1,1,1,0.0,1,1,172.0,47,0.0011689814814814813,8,20.0,856.4455445544554,13,1,0,0,0,0.0,0
6c8aa3665377cc98e31bbe8d00112863147de5a1,2017-09-04 18:16:52,1,1,1,0.0,1,1,172.0,47,0.0008680555555555555,9,21.0,1153.0,14,0,0,0,0,0.0,0
b138532d712a5e135fe23ea20c3cb409ddfebd0a,2017-09-04 22:33:04,1,1,1,0.0,4,7,1296.0,47,11.106087962962963,36,2051.0,1.0900407059024602,747,0,0,0,0,0.0,0
363c94f7c5533582e89ed9ed13777b5fa3eb7f48,2017-09-05 01:53:28,1,1,1,0.0,18,19,149.0,47,7.371203703703704,15,209.0,1.13566305317238,185,1,0,1,0,1.0,0
44dbfc190fc65e3b47696e6123bb0fbe2804ef38,2017-09-05 11:24:56,1,1,1,0.0,4,6,172.0,47,0.7139351851851852,10,22.0,2.40068737435964,15,0,1,0,1,0.0,1
89ebb464bbd777b61b6f072ae722a198966a7c07,2017-09-05 11:36:32,1,1,1,0.0,58,50,103.0,47,0.7633101851851852,5,23.0,2.3100833965125096,7,0,0,0,0,0.0,0
8457376ba00705cbafe30f07164dfe37266282ae,2017-09-05 14:24:43,1,1,1,0.0,1,1,170.0,47,0.12484953703703705,11,24.0,9.009641234819693,16,0,0,0,0,0.0,0
ac47b78eb60c1afb1cf686d57d684fbf0e2038eb,2017-09-05 17:48:18,1,1,1,0.0,213,280,882.0,47,10.280578703703704,53,2052.0,1.0972707888165614,748,0,0,0,0,0.0,0
23f4980e9a356f08bc35ddbe12e983ec0f40f695,2017-09-06 07:30:17,1,1,1,0.0,9,124,120.0,47,23.44752314814815,10,2053.0,1.0426484278821997,749,0,0,0,0,0.0,0
ffaecc810567b082f34203b6c0dffcb0e0eafb6d,2017-09-06 07:36:13,1,1,1,0.0,14,14,5.0,47,0.0041203703703703715,11,2054.0,243.6966292134832,750,1,0,1,0,1.0,0
bf0c199371b97a2740664e54849e0650489e2e03,2017-09-06 07:55:13,1,1,19,3.9471850234812034,58,194,87.0,48,22.130876583820672,219,2064.0,1.0079909350249463,769,0,0,0,0,0.0,0
7ea2cc3e91163dba7d3c066dff2694e35822797e,2017-09-06 12:46:08,1,1,1,0.0,2,2,5.0,48,0.20202546296296292,13,505.0,5.949871097106848,164,0,0,0,0,0.0,0
8d64c7fd735fdaac021690cfe0d6478620517cb6,2017-09-06 16:04:03,2,2,2,0.1000009430103235,60,17,140.5,47,1.1273784722222222,18,25.5,1.6894883419438154,8,0,0,0,0,0.0,0
596b26ec59e46cfa30cfd2e7e2239563c82aeb65,2017-09-06 17:34:30,1,1,1,0.0,18,30,929.0,47,34.06298611111111,50,2074.0,1.02935737920152,770,1,0,1,0,1.0,0
48be91a386ffd355cf9cc52a28c3818039e1460a,2017-09-06 17:34:30,1,1,2,0.2580186686648155,11,12,1145.0,47,-0.3998958333333333,76,2080.5,-34.89046892526221,777,0,0,0,0,0.0,0
71d514058abccf012dc87fc5b69d29cacaba2d7d,2017-09-06 17:43:35,1,1,1,0.0,37,38,330.0,47,17.68642361111111,25,2075.0,1.0565405432996509,771,0,0,0,0,0.0,0
731004b9c672882ea7f153771c67bec4ff625598,2017-09-06 17:54:55,1,1,1,0.0,24,26,1293.0,47,1.8068402777777777,37,2076.0,1.553452351211638,772,1,0,1,0,1.0,0
deb1d8eb2c52d9d3b13231a7caff462946eb0ea2,2017-09-06 18:01:23,2,2,3,0.7939924338116537,48,14,386.0,47,27.228186728395052,43,28.0,1.012254447755739,9,0,0,0,0,0.0,0
9bd92f9461e54197485528b3ecb48f42e6c8c41e,2017-09-06 22:22:45,1,1,1,0.0,75,99,1033.0,47,22.15539351851852,34,2077.0,1.0451357363237153,773,1,1,1,1,1.0,1
0708d72caf880bb39b0e360a6c0cc9db422f2b6f,2017-09-06 22:27:34,1,1,1,0.0,14,20,1009.0,47,0.003344907407407408,35,2078.0,299.961937716263,774,0,0,0,0,0.0,0
5199241425607b1ab5accf0bd13c8a7968edd76b,2017-09-06 22:36:08,1,1,1,0.0,33,47,1003.0,47,0.0059490740740740745,36,2079.0,169.09338521400778,775,0,0,0,0,0.0,0
3b4d9460463aac520442fe07a88b9713cb9569e8,2017-09-07 12:15:06,1,5,14,2.431136623896319,262,289,330.5,48,18.283647486772487,268,2088.5,1.0095814072081026,791,0,1,0,1,0.0,1
cf029a3d58dafa64e1275a4dc89344fc766e2a7a,2017-09-07 12:25:47,1,1,1,0.0,13,3,989.0,47,0.5761458333333334,37,507.0,2.73567166877599,165,1,0,1,0,1.0,0
ef9fcdcf1a2e2d59adea722df6abc4619b69dd5f,2017-09-08 09:24:02,1,1,1,0.0,62,68,998.0,47,1.6593981481481481,39,508.0,1.602628128225874,166,0,0,0,0,0.0,0
a35a5ea0eb0a5829bbdb60892f538d5229fce858,2017-09-08 19:24:58,1,1,1,0.0,180,161,992.0,47,0.4173148148148148,40,509.0,3.39627246505436,167,0,0,0,0,0.0,0
fdbd08b7f07ae7a257700304bb6b48df350e9351,2017-09-11 11:17:30,1,1,1,0.0,13,14,1291.0,47,4.738194444444447,39,510.0,1.211050857394108,168,1,0,0,0,0.0,0
3697e040ddeca5591bda20b9eb5aa7f78e3eba0b,2017-09-11 11:46:05,1,1,1,0.0,90,71,148.0,47,17.03783564814815,21,511.0,1.0586929009441812,169,0,0,0,0,0.0,0
bbbd0cd9ed2839e57d694134775436b83083f052,2017-09-11 19:20:49,1,1,1,0.0,1,1,60.0,46,34.68482638888889,45,506.0,1.0288310510419725,327,0,0,0,0,0.0,0
c428efdddcc511f830c723932846a9efa394ee60,2017-09-13 11:29:06,2,4,4,1.75,7,1,579.75,48,39.78250868055557,580,2106.5,1.0351192230262891,801,0,0,0,0,0.0,0
2946aa410afb7c250af5015dfd5fa25dc989a8a0,2017-09-14 17:00:10,1,4,9,2.8713997796449138,46,88,526.4444444444445,48,92.870574845679,280,2100.0,1.0117374769135443,800,0,0,0,0,0.0,0
882978ee7212792240c1d5459a4a8796ee0b3ae9,2017-09-15 11:02:05,2,4,4,1.739353872167201,19,1,993.5,48,29.48297164351852,635,2110.5,1.1398297045230397,802,0,0,1,0,1.0,0
97cdae7be2f780eba7396f0507d905c534937885,2017-09-15 17:20:42,1,1,1,0.0,16,4,834.0,47,8.971747685185186,24,30.0,1.1114610034844463,20,0,0,0,0,0.0,0
03508c694d2e6868dd680ed2c8123b1d48bc47df,2017-09-15 17:20:57,2,2,2,0.29333653421235084,139,74,179.0,47,8.971921296296298,22,31.5,1.0835941349942078,10,0,0,0,0,0.0,0
a9990860908c7ef65046b9010f4809db54862e2b,2017-09-17 11:33:00,1,1,1,0.0,1,5,221.0,47,1.7583680555555556,15,33.0,1.568709148713493,22,0,0,0,0,0.0,0
76cd70c84d3f3f53fccd583b36384461bddce2a0,2017-09-18 15:32:12,1,1,1,0.0,5,3,217.0,47,1.1661111111111109,16,34.0,1.8575512148642208,23,0,0,0,0,0.0,0
3ef41964e56e2a1252c2201b338c0c8d55c5a3ea,2017-09-26 15:30:01,1,3,6,1.1298990758754923,139,163,116.33333333333331,47,171.16605709876544,32,2115.5,1.0054909069822515,1258,1,0,1,0,1.0,0
88b6c200c88487d51055b00bc6c3b0893d3d8f94,2017-09-26 16:39:12,2,3,3,0.5727983038936123,55,62,404.33333333333326,48,28.474753086419753,497,2120.0,1.0386057754347764,803,0,0,0,0,0.0,0
49177fd4cd5660b4107140039b1a88ef9d3a81dc,2017-09-28 17:19:39,1,1,1,0.0,2,0,51.0,1,66.93833333333333,3,1259.0,1.0149391230734757,7,1,0,1,0,1.0,0
37834d0040d5c87b6d43ff127f1368a916ea3040,2017-10-01 12:08:06,5,38,269,7.944230823179993,300,298,210.5092936802974,49,76.85675693583923,7041,10267.0,1.0003019832588331,566,0,0,0,0,0.0,0
a3e9e89d66e22321fd370c455f02bf7550fab094,2017-10-02 20:29:09,1,2,2,1.0,2,2,1065.0,49,0.9729513888888888,56,512.5,1.770850433603369,329,0,0,0,0,0.0,0
5ccd046e5a4d70d86c736f815093be4327cdd1ed,2017-10-10 13:57:24,2,3,3,1.0036258382822272,64,0,454.66666666666674,49,9.075902777777776,510,2125.0,1.067333369040423,804,0,0,0,0,0.0,0
7d7a9fb6d81995e9ba5788e903a2f691e0a0f6a4,2017-10-10 15:46:01,1,1,1,0.0,16,2,50.0,1,68.59540509259259,4,1261.0,1.014578235942337,9,0,0,0,0,0.0,0
b1e11bb3393aee32d041d4029badabae431929c9,2017-10-10 15:50:34,1,1,1,0.0,7,8,64.0,1,0.0031597222222222213,5,1262.0,317.4835164835165,10,0,0,0,0,0.0,0
ad48254b5da1b303d6daafd48b37a9ebd147862d,2017-10-11 17:11:42,2,3,3,1.0353782078177869,66,29,815.3333333333335,49,33.30471064814815,576,2128.0,1.3264194652500267,805,0,0,0,0,0.0,0
1d2dd6e141fab993c0cf064e5a544c15542b2c96,2017-10-12 14:34:50,1,2,2,0.97933992595678,44,33,1561.5,49,64.03357638888889,151,3552.5,1.0503356444195546,2797,0,0,0,0,0.0,0
bf1ba97634c23c66a562b3aaee4054b50d915c63,2017-10-12 15:04:44,1,1,1,0.0,6,2,2927.0,49,0.020763888888888887,130,3554.0,49.16053511705686,2798,0,1,0,1,0.0,1
a597437d10daa8d4928474a68ca5677bae1aea9b,2017-10-12 15:05:28,1,1,1,0.0,1,1,2931.0,49,0.0005092592592592592,131,3555.0,1964.6363636363642,2799,0,0,0,0,0.0,0
f02a1770d3ef65ddb11cad3510832f3b9fe8ff48,2017-10-21 14:31:32,1,1,1,0.0,8,0,417.0,49,20.057939814814816,41,10404.0,1.0498555688785844,567,0,0,0,0,0.0,0
1b0dbf6d9cc1f8d914342d515998468339cabf32,2017-10-21 14:42:55,1,2,2,0.6840384356390417,7,4,1236.5,49,36.285434027777775,145,10405.5,1.0164127153763185,5790,1,0,1,0,1.0,0
88b39345a1edb993d08d340665b4ce49f0ca43fa,2017-10-26 16:22:50,1,1,1,0.0,18,18,758.0,47,151.3642939814815,6,1263.0,1.0066065779035205,1090,0,0,0,0,0.0,0
21a5f87cdf352930431c874e567db5961773d67c,2017-10-27 19:19:43,1,1,1,0.0,1,1,1371.0,49,25.92473379629629,126,514.0,1.0385732022499248,330,1,0,1,0,1.0,0
8fedab5ae74639275cbc5922de1da73dbeeb9b9c,2017-10-30 15:04:38,2,2,3,1.2067142877176646,119,105,169.0,49,28.997592592592593,52,39.0,1.021074546418285,12,0,0,0,0,0.0,1
abe7933165d664ec56364f3b6f328b7c27b482a5,2017-10-30 18:11:08,1,1,1,0.0,36,0,0.0,1,0.0,0,1264.0,0.0,11,0,0,0,0,0.0,0
c4a8b131d28376b24227e640c69d81bc007509ba,2017-10-31 10:16:13,1,1,2,0.3095434291503252,143,1,99.0,50,14.794484953703707,65,0.5,0.5168981888036199,1,0,1,0,1,0.0,1
a79cdf2dfa3dc88e1a4c720f1fe8767672601b4a,2017-10-31 10:34:37,1,1,1,0.0,2,2,136.0,50,0.01277777777777778,1,2.0,79.26086956521739,2,1,0,1,0,1.0,0
c9c801b8100736e2010c7bb9b35380a6b44e517c,2017-10-31 11:14:31,1,1,1,0.0,34,35,136.0,50,0.02770833333333333,2,3.0,37.090225563909776,3,0,0,0,0,0.0,0
e96b74b53e2384427398917fdeb54ed2144aef5a,2017-10-31 12:20:56,1,1,2,0.07253718299881004,114,0,82.5,50,14.837789351851852,91,4.5,0.5168488710866351,5,0,1,0,1,0.0,1
a913625736d18164cab4c2d28a9b9202fe14bbce,2017-10-31 12:21:49,1,2,2,1.0,8,2,124.0,50,0.02367476851851852,4,6.5,826.6541049611895,7,1,0,0,0,0.0,0
d7c0001241b669e1195d3b4d115c41645f4773cd,2017-10-31 12:26:55,1,1,1,0.0,2,2,116.0,50,0.0035416666666666665,2,8.0,283.35294117647067,8,0,0,1,1,0.0,1
803edc1b90d213f50e745f074c989bb16a1ab231,2017-10-31 12:34:49,1,1,1,0.0,1,2,116.0,50,0.005486111111111111,3,9.0,183.27848101265823,9,0,0,0,0,0.0,0
6546eaed8aa56a4172066b82eb228f3edb7ad134,2017-10-31 12:35:47,1,1,1,0.0,0,1,115.0,50,0.0006712962962962962,4,10.0,1490.6551724137933,10,0,0,0,0,0.0,0
92a8a061239fe2149394653040efecbbb2f3cc56,2017-10-31 14:09:36,1,1,1,0.0,2,0,114.0,50,0.06515046296296298,5,11.0,16.349085095043527,11,1,0,1,1,1.0,1
f7cf7bf1f5bc2bae9a3ffb42b02710722c8e5edd,2017-10-31 17:34:16,2,4,4,1.1396533862607534,54,4,118.5,50,7.508825231481483,133,13.5,6.2851965032148716,2,0,1,0,1,0.0,1
b15ef4c2540a294b4dfd1afb7c8152c2b512650c,2017-11-02 12:25:11,1,1,1,0.0,2,1,125.0,50,1.7853587962962962,7,16.0,1.5601115036789732,13,1,0,1,1,0.0,1
026f3a6b3828990f0d12a404065281736387d6fc,2017-11-02 12:40:02,1,1,1,0.0,8,1,126.0,50,0.0103125,8,17.0,97.96969696969695,14,0,0,0,1,0.0,1
0d66ec16f6f15deccd64cdfe643ed1bd34717cf1,2017-11-02 15:20:52,1,1,1,0.0,0,0,0.0,50,1.9073611111111108,1,18.0,1.5242845700138354,3,0,0,0,0,0.0,0
d8ec9805aadd457f899e634658732487c1606761,2017-11-02 16:31:18,1,1,1,0.0,22,32,133.0,50,0.16060185185185186,9,19.0,7.226578264629576,15,0,1,1,1,1.0,1
0bca30097f8f95e20e23d1e54407df8e0e638601,2017-11-02 16:54:24,1,1,1,0.0,12,2,123.0,50,0.016041666666666666,10,20.0,63.337662337662344,16,0,0,0,0,0.0,0
e3e1dfb83fc53e9951bf64a9a8079dd83abbdedc,2017-11-02 17:05:46,1,1,1,0.0,5,9,133.0,50,0.007893518518518518,11,21.0,127.68621700879768,17,1,0,1,0,1.0,0
fc7aa1c5cfe4723083fdd7ded8eea8d81f4837ba,2017-11-02 17:13:15,1,1,2,0.6500224216483541,6,0,130.0,48,58.78446759259259,68,22.5,1.012758472275328,5,0,0,0,0,0.0,0
4700d048c170cb687ff439e792e778140baf8fac,2017-11-03 10:54:04,1,1,1,0.0,6,2,138.0,50,2.9390625,4,24.0,1.3402445507708665,18,0,0,0,0,0.0,0
13370a9a5ab26f9de1bb3edee9e684c724cd3e69,2017-11-03 11:04:05,1,1,1,0.0,2,0,142.0,50,0.0069560185185185185,5,25.0,144.7603993344426,19,0,0,0,0,0.0,0
4d5b1d2e04b84abb92b17c1a871c3bcd85cd2778,2017-11-03 11:48:50,1,1,1,0.0,12,4,144.0,50,0.031076388888888886,6,26.0,33.17877094972067,20,0,1,0,1,0.0,1
1a5477670a78ffbc7845596c3f54b5fffa388cb1,2017-11-03 13:32:09,1,1,1,0.0,17,3,152.0,50,0.07174768518518519,7,27.0,14.937731892240686,21,1,0,1,0,1.0,0
569cd20a906477c624c319153ff267c3bf32d399,2017-11-03 14:22:08,1,1,1,0.0,0,1,166.0,50,0.03471064814814815,8,28.0,29.80960320106702,22,0,0,0,0,0.0,0
270b8760e808717ea4d74c3303c0c80295988896,2017-11-05 05:01:53,2,3,3,1.11840518530523,31,18,403.66666666666674,49,47.162654320987656,505,36.0,1.0104457300250462,11,0,0,0,0,0.0,0
90f281dadc37d0305a681971d4f77db9062bbd21,2017-11-07 05:28:54,1,1,1,0.0,2,2,1224.0,49,2.102094907407408,493,10407.0,1.4757159139086338,5791,0,0,0,0,0.0,0
664200298b27559927b8fc888aa84b05d163cf31,2017-11-07 14:38:05,2,2,2,0.9182958340544896,3,6,675.5,49,2.4701446759259262,545,29.5,11.508339458632046,6,0,0,0,0,0.0,0
45530c8084bc8ff5668431178f8cbf457c16e085,2017-11-07 14:59:41,2,2,2,0.25387844029816153,47,0,82.5,50,2.0130381944444444,9,31.5,1.2483807815370285,7,1,0,1,0,1.0,0
fd667d6c09473083db723312e4595d3843ee38bd,2017-11-07 15:10:05,1,1,1,0.0,8,2,38.0,50,6.8998726851851835,1,33.0,1.14493021040042,8,0,0,0,0,0.0,0
89c19919b61d442eadc54e3d4ea8bc49429b3afb,2017-11-07 15:10:21,1,1,1,0.0,3,0,44.0,50,0.00018518518518518518,2,34.0,5401.0,9,0,0,0,0,0.0,0
b2bbc33859f286ece8391d20e70f1ffa15c91edb,2017-11-07 15:11:10,1,1,1,0.0,2,0,199.0,49,8.046203703703704,11,41.0,1.1242822126836902,13,0,0,0,0,0.0,0
33122bd83c94a3aec58d5d9acccab99dc576df83,2017-11-07 15:15:11,1,1,1,0.0,9,0,47.0,50,0.0033564814814814816,3,35.0,298.93103448275866,10,0,0,0,0,0.0,0
c3bbe74a21af7d83f6d1df4a485d496a8de356a0,2017-11-07 15:18:42,1,2,2,0.9544340029249648,8,8,148.0,50,2.469427083333333,22,36.5,1.2027475406904522,26,0,0,0,0,0.0,0
14bd0d4da4bca69e205a45be8f5ea2276c0194ff,2017-11-11 12:31:14,2,2,4,1.8668147749128776,125,71,1618.5,49,27.704898726851848,364,3557.5,0.9923149041625974,704,1,1,0,0,0.0,1
4ba0db19ddb3d3699a3f197f7ded5152ae6593d7,2017-11-11 16:26:39,2,2,2,0.9892452969285004,25,16,216.5,49,7.825520833333334,31,2134.5,1.0741457529860958,806,0,0,0,0,0.0,0
bd85593303084e8a13db722227c9c85772320a40,2017-11-11 16:31:51,2,2,2,0.783776947484701,14,16,221.0,49,0.003611111111111111,33,2136.5,208.6923076923077,807,0,0,0,0,0.0,0
3aecc3eca68c1e6d896d81893c460b3d8d3857a9,2017-11-11 16:33:26,1,1,1,0.0,1,1,1226.0,49,-1.8009375,496,2138.0,0.4447336456706577,1270,0,0,0,0,0.0,0
4226af23c25ee96de0bad4a33520ff65c904af42,2017-11-11 16:41:51,1,1,1,0.0,2,0,105.0,47,82.19732638888887,107,2130.0,1.0121658458240943,39,0,0,0,0,0.0,0
4dac2f5737740fe369c2fc72a12a039e02b128e7,2017-11-12 13:20:51,1,1,1,0.0,5,20,178.0,49,-0.934675925925926,24,2139.0,-0.06988954381098611,808,0,0,0,0,0.0,0
224ee3b50d047fbda795aaf12153a302e93ca9c2,2017-11-12 15:54:56,1,1,1,0.0,60,11,1043.0,49,1.1414583333333332,45,3560.0,1.8760722759627664,705,0,0,0,0,0.0,0
3ea0bd138fa97df29039dc3b58b02882a6574b98,2017-11-13 11:46:47,2,4,6,2.0975228964883894,27,8,323.5,49,29.566141975308643,676,2.5,0.840423746064074,2,0,0,0,0,0.0,0
b5ba8278b3e09b80109aa06f77832be00f8752f0,2017-11-15 06:46:18,1,2,3,0.3397123711240516,47,32,1016.0,49,201.939162808642,165,2132.0,1.0020978089281205,1267,0,0,0,0,0.0,0
6a15b97b423e363635ecde2ac9017f6cb4b97eaf,2017-11-15 17:11:39,1,1,1,0.0,7,2,224.0,49,2.475601851851852,31,42.0,1.4039421764254858,28,0,0,0,0,0.0,0
75d5e8c3c5a78696e342933d3ed0b8dcce4e16c4,2017-11-16 12:04:46,1,1,1,0.0,16,7,229.0,49,0.786886574074074,32,43.0,2.2708311883154133,29,0,0,0,0,0.0,0
8bad42896a16e4ac8662b4886c8b02edc075afeb,2017-11-17 20:38:18,1,1,1,0.0,4,0,163.0,49,5.303784722222222,25,2140.0,1.1885446058566669,809,0,0,0,0,0.0,0
d20182503816c59a97cdf3e97362ba627065bd6c,2017-11-17 20:47:26,1,1,1,0.0,52,0,0.0,1,0.0,0,2141.0,0.0,810,0,0,0,0,0.0,0
19799e71cd987c8889bf7b4f5eb68bcbe9c03956,2017-11-17 20:48:27,1,1,1,0.0,3,6,90.0,49,18.030428240740736,25,2142.0,1.0554617997225626,1271,0,0,1,0,0.0,0
2c96fcaf5ef5678442a34752859f5a6cc38a7854,2017-11-20 21:21:23,1,1,1,0.0,4,2,2965.0,49,9.368159722222222,134,3561.0,1.106744550653625,2803,1,0,1,0,0.0,0
a71ed7084d6519cc766dca42917c3549511d9ca7,2017-11-21 19:21:04,1,1,3,1.154551880075933,37,43,1829.0,49,7.161886574074074,324,3563.0,1.4089969505962927,2806,0,0,0,0,0.0,0
5b0cf1eee4b5e2c4a2d0efa6d5f96f0bd57b8e13,2017-11-21 19:39:35,1,1,1,0.0,3,0,2968.0,49,0.012858796296296295,136,3565.0,78.76777677767777,2807,0,0,0,0,0.0,0
4cb43456b3e4d1db5d1284c02c254160143005b9,2017-11-21 20:11:23,1,1,1,0.0,13,28,2971.0,49,0.02208333333333333,137,3566.0,46.283018867924525,2808,0,1,0,1,0.0,1
d2d89dd5853a66bbb79a595494447a7968c3306e,2017-11-21 21:05:05,1,1,1,0.0,321,0,0.0,1,0.0,0,1265.0,0.0,12,0,0,0,0,0.0,0
5444614ad6f32a06130b2e9cbb586e02291f3c7a,2017-11-21 21:18:40,1,1,1,0.0,3,4,2956.0,49,0.04672453703703704,138,3567.0,22.402031211295515,2809,1,0,1,0,1.0,0
5c2f0deabd5533df9ee3049108a87e2191c52976,2017-11-21 22:41:17,1,2,2,0.4854607607459134,18,1,709.0,49,25.643541666666664,181,3568.5,1.019524588265575,2811,0,0,0,0,0.0,0
fed8be34a3434a621bacd438d2f9307139a24511,2017-11-22 22:00:25,1,2,2,0.5916727785823275,5,2,2078.5,49,26.257615740740746,629,2143.5,1.05405625737973,1273,0,0,0,0,0.0,0
3d7aac3bcce66b5449620044f7f5468de5243b64,2017-11-23 00:17:40,1,1,2,0.8615804562891913,120,3,1264.0,49,1.1364525462962964,192,3570.5,1.6886158335221613,2813,0,1,0,1,0.0,1
000c5f2cbc170a91d78ca6ab35a666052bce711e,2017-11-23 00:30:49,1,1,1,0.0,9,12,531.0,49,52.2241087962963,28,3572.0,1.0191482444229076,706,0,0,0,0,0.0,0
7c50845225710617cb3390c3e05674ea3241b297,2017-11-23 01:31:19,1,1,1,0.0,43,0,528.0,49,0.042013888888888885,29,3573.0,24.801652892561982,707,0,0,0,0,0.0,0
fe1a196ee7ae6c3a9d85af51462b0653e6a6563d,2017-11-25 20:10:09,2,3,3,0.6219041416291193,25,1,675.6666666666666,49,37.64209104938272,636,2146.0,1.1227278350754215,811,1,0,1,0,0.0,0
1322f55d8de7f45f0dc30bb89cb6550078c13365,2017-11-27 18:01:27,2,3,6,2.3746939516467025,19,6,893.3333333333335,49,31.89094328703704,836,2150.5,1.1369579934733387,812,0,0,0,0,0.0,0
de46fee9fe7d7389d0610704d6ac02646ce82c15,2017-11-29 16:57:21,1,1,2,0.0,132,0,0.0,1,0.0,0,1266.5,0.0,14,0,0,0,0,0.0,0
fa837299508aedb74203053ade9e5d38677885be,2017-12-03 13:55:19,1,1,1,0.0,1,1,2955.0,49,11.692118055555556,139,3574.0,1.085527702957536,2814,0,0,0,0,0.0,0
db9a9e1179341bb735e1cabef820dd7bfafd6c0c,2017-12-03 14:22:32,1,1,1,0.0,6,2,1539.0,49,10.545046296296297,104,2157.0,1.0948312574361316,1283,1,0,1,0,1.0,0
923786b22f34c2ef9e2495e4ff52bdd49a130aba,2017-12-05 00:51:14,2,3,3,1.224394445405986,8,1,684.3333333333334,49,7.921446759259259,641,2155.0,1.0826648330744568,813,0,0,0,0,0.0,0
07b8d638f46660cf6ce04720fbb3ad2c14320eca,2017-12-05 15:00:41,1,1,1,0.0,48,0,36.0,1,35.90940972222222,1,1268.0,1.0278478540230964,15,0,0,0,0,0.0,0
b56254c70b1ee6c2f8012f3ea57de30564fe68c6,2017-12-06 10:35:30,1,1,1,0.0,12,1,1106.0,49,13.429050925925925,90,3575.0,1.0744654261508098,2815,0,0,0,0,0.0,0
e84c3fd6a1b84c43fc1c5e30da93f5f8d84b83b6,2017-12-06 10:35:56,1,1,1,0.0,9,3,1543.0,49,2.8843055555555566,105,3576.0,1.346703905234266,2816,0,0,0,0,0.0,0
68c2da4cc2598ee2d44f36b1c31c7a05a4e42ef5,2017-12-06 10:36:37,1,1,1,0.0,21,23,2955.0,49,2.862013888888889,140,3577.0,1.3494043141727126,2817,0,0,0,0,0.0,0
d37b6699aa0e94abe3ebcbd21fad29428a669390,2017-12-06 11:31:09,1,1,1,0.0,2,1,2953.0,49,0.03787037037037037,141,3578.0,27.405867970660143,2818,0,0,0,0,0.0,0
4dcfb7d4c5c45e64689ed9e5aab5eec51a30901a,2017-12-06 11:37:47,1,1,1,0.0,6,2,1230.0,49,1.4906597222222222,501,3579.0,1.6708439123244276,2819,0,0,0,0,0.0,0
b9db71d547051e6ad32ef422cbada0ad27b3572c,2017-12-06 11:41:51,1,1,1,0.0,3,3,1549.0,49,0.04577546296296296,106,3580.0,22.845764854614412,2820,1,0,1,0,1.0,0
3c4d607d6c0fb1bb7ec6141afff50b7f353d8557,2017-12-06 11:47:12,1,1,1,0.0,4,1,2954.0,49,0.011145833333333334,142,3581.0,90.7196261682243,2821,0,0,0,0,0.0,0
958e971d1e2449d3865af4789c2b454dc3594368,2017-12-06 17:04:16,1,1,1,0.0,1,1,1549.0,49,0.22390046296296293,107,3582.0,5.466270354096666,2822,0,0,0,0,0.0,0
e7104a5a8aa4a683931a6f89303bd6d6d9bf5df8,2017-12-06 18:14:33,1,1,1,0.0,2,2,1234.0,49,0.2755324074074074,502,3583.0,4.629337141897,2823,0,0,0,0,0.0,0
de695f4048fae9e63b0e675a97db8255648abd14,2017-12-06 18:16:24,1,1,1,0.0,4,0,1117.0,49,0.3200694444444445,91,3584.0,4.124321978737253,2824,0,0,0,0,0.0,0
74d51a22be9fe8738313c2e78f72eb0d19b8a792,2017-12-07 19:07:32,1,1,1,0.0,63,0,0.0,1,0.0,0,1269.0,0.0,16,0,0,0,0,0.0,0
27946f228591c8c6c9859db1e5826437f155cb08,2017-12-08 09:40:09,2,4,4,1.7273966735744792,5,9,203.5,50,27.881085069444445,285,3586.5,1.0187607847082425,2827,0,0,0,0,0.0,0
069af03c9009b2cbf3ad1b7c2c28826179d930af,2017-12-08 16:20:38,1,1,1,0.0,1,0,232.0,49,67.8837037037037,121,3589.0,1.0147310760232642,708,0,0,0,0,0.0,0
48aacefba3cb2b826615272b026b51403d556208,2017-12-08 22:58:46,1,2,2,0.5435644431995964,6,2,823.0,49,35.137112268518514,561,2158.5,1.2390575569762403,1285,0,0,0,0,0.0,0
37881f4c655a6bda6bc1917277bbdb6d3019cf90,2017-12-09 07:49:35,1,1,1,0.0,4,6,2236.0,49,11.61675925925926,64,3590.0,1.0860825276380708,2828,1,0,1,0,1.0,0
251df4d490b14efa3bc3b5a73f365544cca9346e,2017-12-09 08:08:17,1,1,1,0.0,55,66,2234.0,49,0.012986111111111113,65,3591.0,78.00534759358288,2829,0,0,0,0,0.0,0
b7af4d7c3c7a0cc2182bccfcf6ff15808e32364c,2017-12-09 08:14:07,1,1,1,0.0,53,38,2223.0,49,0.004050925925925926,66,3592.0,247.85714285714286,2830,0,0,0,0,0.0,0
1062ed2b1083da65ef5afe9868b4c09b2cbdbc71,2017-12-09 09:08:39,1,1,1,0.0,9,0,107.0,50,1.2697916666666669,109,10408.0,1.7875307629204267,272,0,0,0,0,0.0,0
e92d07355e240c37ee2f47497f8fdf4322384d78,2017-12-11 10:36:32,1,1,1,0.0,1,1,233.0,49,2.761041666666667,122,3593.0,1.3621821474383158,709,0,0,0,0,0.0,0
4baa8a923bd03ee24e03c32e01b74e010f1d608a,2017-12-11 14:31:07,2,2,2,0.8904916402194913,11,15,202.5,49,7.060462962962964,60,44.5,1.055327466582365,14,0,0,0,1,0.0,1
56c4a7cc134dd248767d145fb7c7e0ab0645e773,2017-12-11 14:40:12,2,2,2,0.5435644431995964,8,8,200.5,49,0.006307870370370371,62,46.5,119.89908256880732,15,0,0,0,0,0.0,0
10155d79e94aa6ebd9a06fa5f5d396b6e09653db,2017-12-12 11:00:00,1,1,1,0.0,18,17,116.0,50,2.7856597222222224,110,3594.0,1.3589813903050096,30,0,0,0,0,0.0,0
2e871f7646b3f676087ce1b444d836209d36de58,2017-12-12 11:07:43,1,1,1,0.0,17,17,117.0,50,0.005358796296296296,111,3595.0,187.6090712742981,31,0,0,0,0,0.0,0
71f13d22dfbb8b1a5a1eb0a61fd263c461180abc,2017-12-12 11:28:39,1,1,1,0.0,2,2,117.0,50,0.014537037037037038,112,3596.0,69.78980891719746,32,1,0,1,0,0.0,0
bf147ef4f59ca107baa546c0117b067317884d34,2017-12-13 10:35:59,1,1,1,0.0,3,0,53.0,49,72.93603009259259,5,10409.0,1.013710644776395,1,0,0,0,0,0.0,0
51b6270494c839272adc6f321768090878f613a7,2017-12-13 11:03:20,1,1,1,0.0,29,8,240.0,49,1.849398148148148,35,48.0,1.5407164492953165,32,0,0,0,0,0.0,0
15e49e9dc132eb29c90c9d210ad27b14e4783680,2017-12-13 14:29:47,1,1,1,0.0,1,0,117.0,50,1.125787037037037,113,3597.0,1.8882674672040136,33,0,0,0,0,0.0,0
311379f66dfab397fce7a56056b23ef8529f2815,2017-12-15 16:08:22,1,1,1,0.0,108,0,0.0,1,0.0,0,1270.0,0.0,17,0,0,0,0,0.0,0
699697a45e0177a4cb12df67a5fd692b8ba9cbbe,2017-12-16 00:30:36,2,5,7,0.7964910409200856,1163,3,257.0,49,32.79294312169312,642,30.0,1.0183918390805002,15,0,0,0,0,0.0,0
ad3d811729c197a676048df9712a6fd4146a91d1,2017-12-18 21:12:43,1,1,1,0.0,1,1,1559.0,50,137.35201388888888,109,525.0,1.0072805630706585,338,1,0,1,0,1.0,0
e3a6bf582f931b767096cb9650772974ef128b59,2017-12-19 02:34:27,2,4,5,1.3005107132422615,42,40,422.8,50,65.55953240740742,783,10412.0,1.0049557238824958,568,0,0,1,0,0.0,0
5daf18cc2fa938f86b750358fdcd004296203b59,2017-12-22 20:03:20,2,8,15,3.3235899562687723,77,70,379.0,49,87.50681944444445,426,2167.0,1.0025290945308156,824,1,1,1,0,1.0,0
4129acd30d9d1eef4284e106e0e48bc7f3e14469,2018-01-02 17:31:40,1,1,2,1.0,29,7,247.5,49,92.89136574074074,125,2183.5,1.0080739473902585,1292,0,0,0,0,0.0,0
9f963805679fe6ae24dbf5602aefe915d7919609,2018-01-02 17:33:14,1,1,2,0.9910760598382222,9,0,276.5,49,92.89245370370372,75,2185.5,1.008073852827618,833,0,0,0,0,0.0,0
dc538a4345354f27d72e91ee153feda42b7d8da9,2018-01-02 17:33:23,2,6,11,2.9261412604948567,42,40,332.6363636363636,49,59.919849537037045,423,2192.0,1.0030887724581772,836,1,0,1,0,1.0,0
6e71ffe57f4344a4911f71a698e5d25af4df6980,2018-01-02 18:21:59,1,1,1,0.0,1,0,1236.0,49,17.702349537037033,505,2198.0,1.0564896765769871,1301,0,0,0,0,0.0,0
41739b1134c766eb343428bab060087e01933747,2018-01-04 18:10:18,2,3,8,2.7088718484453604,22,18,575.25,49,61.50544704861111,402,2178.5,1.008672470484001,831,1,0,1,0,1.0,0
f9e99df7b37ce9a6042cd7d6c16bbbd2f3be2199,2018-01-12 16:24:28,1,1,1,0.0,5,7,261.0,49,30.22300925925926,36,49.0,1.0330873736437622,33,0,0,0,0,0.0,0
7531c8f6d7d92ad644ed7cc92f0ebee91968aa84,2018-01-12 16:33:03,1,1,1,0.0,6,6,259.0,49,0.005960648148148148,37,50.0,168.76699029126215,34,0,0,0,0,0.0,0
ff7f4d95f8ccbaf46f395168f6e3607886ae4296,2018-01-12 17:42:19,1,2,2,0.5916727785823275,5,2,748.0,49,5.1352777777777785,544,51.5,1.0975947940957158,36,0,0,1,0,1.0,0
8ef999cbe8821d01e17bbc1b3b7380a62e5200ae,2018-01-14 17:26:38,1,1,1,0.0,3,2,101.0,49,105.13787037037035,11,53.0,1.0095113206732955,16,1,0,1,0,1.0,0
5a0607593852ecd373d8968261c8a0989857bd8c,2018-01-16 08:12:05,1,1,1,0.0,159,0,0.0,1,0.0,0,1271.0,0.0,18,0,0,0,0,0.0,0
ef3cb5c2f230045ec8ab2bc8c0104364a0d3a6a2,2018-01-21 16:45:39,1,1,1,0.0,15,9,102.0,49,7.0548726851851855,12,10415.0,1.1417460023197783,569,0,1,0,0,0.0,0
06fae8b6c33f6c8763779b772a6cf2f4904bf5ac,2018-01-21 17:42:57,1,1,1,0.0,1,0,118.0,50,39.42581018518519,114,10416.0,1.0253640951270993,273,0,0,0,0,0.0,0
8664cd767352a760d8f0299b76eb57494d3e52bc,2018-01-22 16:38:37,1,1,1,0.0,54,62,1294.0,49,112.89619212962965,28,0.0,0.0,0,0,0,0,1,0.0,0
6fb2727e0dd625b79a7c4dd16911a5669aa98f4e,2018-01-22 17:06:45,1,1,1,0.0,13,8,1286.0,49,0.01953703703703704,29,1.0,52.18483412322275,1,0,0,0,0,1.0,0
9457fb36e5f34337579d8567e845fcc8b9aabe6c,2018-01-24 15:48:13,2,11,42,3.5958394438103003,728,326,241.78571428571428,50,86.81226824294535,1847,43.5,1.0020578044271284,15,0,0,0,0,0.0,0
b6c0086b16556f49fd1a5da443e6a899ead00228,2018-01-24 17:47:26,2,4,6,2.281036112553424,9,9,369.16666666666674,50,44.673877314814824,957,3600.5,3.0178032021488987,712,0,0,0,0,0.0,0
3961b09d35bd1144b524fa477773849d8627cc54,2018-01-24 17:50:32,3,5,6,2.3432578733442675,12,5,356.5,50,19.15948302469136,920,3606.5,1.0086993198006269,714,0,0,0,0,0.0,0
10ee7ff295f1a71460d6f9dc6f5b408deb1af280,2018-01-25 00:44:27,1,1,1,0.0,9,1,5.0,48,132.36408564814815,2,2199.0,1.0075549194111324,837,1,0,1,0,1.0,0
911ea225656aa599b9662b61c5ad13c7f96ddc96,2018-01-25 16:18:55,2,4,8,2.8332812465701402,71,8,444.375,50,48.68568865740741,760,3613.5,1.147478611143074,717,0,1,0,1,0.0,1
93aefc7d5e0d1d9969d25c8b7a9c09e38288e718,2018-01-25 16:21:47,1,1,1,0.0,9,0,321.0,49,115.8845023148148,29,3618.0,1.0086292815693627,718,0,1,0,1,0.0,1
5265b628efdbfeb157cc2ecb070ea6b513762ebe,2018-01-29 14:04:17,1,1,1,0.0,12,0,1573.0,50,3.9065046296296297,111,3619.0,1.2559833136802934,2842,0,0,0,0,0.0,0
4de452f528b14572f4e30d7e84bf59e63f8838e4,2018-01-29 14:41:24,2,2,2,0.4586858162005403,57,5,957.5,50,1.978032407407408,142,3620.5,20.524681891102567,719,1,0,1,0,1.0,0
7cc1e81541b966aba71212327875dc1b5c82eaaf,2018-01-30 13:15:27,2,3,3,0.9150241022482328,31,3,1445.0,50,101.83948688271606,677,3623.0,1.0713050020995618,720,1,0,1,0,1.0,0
2cdf0fb8422040ca8ae405b81172ff8204b76091,2018-02-01 16:12:43,1,1,1,0.0,27,7,108.0,49,10.685462962962962,13,3.0,1.0935850887758551,0,1,0,0,0,0.0,0
f658404b68517eb5d6a02b826021ae509122f340,2018-02-01 19:18:09,1,1,1,0.0,1,0,846.0,49,122.7778125,26,0.0,0.0,0,0,0,0,0,0.0,0
62522f53aff36255d41ded9d24b01a9ac0bf50b6,2018-02-01 19:18:35,1,1,1,0.0,44,0,0.0,1,0.0,0,1.0,0.0,0,0,0,0,0,0.0,0
6fdf06dc1c0aa61d7b5db455fbe48f47e1d3399a,2018-02-02 09:29:03,2,2,2,0.7024665512903903,19,2,643.0,49,105.88318287037035,50,2200.5,1.007441310061174,838,1,0,1,0,1.0,0
0ac274e6dcf03ee4c5c6b2f2571a6d23bed5417b,2018-02-02 10:47:29,1,1,1,0.0,6,1,847.0,49,0.6453703703703704,27,2.0,2.549497847919656,1,0,0,0,0,0.0,0
46d90c4ad5937b59c295482bef4f1670e99acc0e,2018-02-02 11:40:17,1,1,1,0.0,7,13,128.0,49,0.8108101851851852,14,4.0,2.2333342849801583,1,0,0,0,0,0.0,0
1fd24ebccbd54165d918f55194aaa30423110077,2018-02-02 11:46:51,1,1,1,0.0,19,33,122.0,49,0.004560185185185185,15,5.0,220.28934010152284,2,0,0,0,0,0.0,0
f170e59e51a4edbb7b48c9c8bb21c0a214fa31a1,2018-02-02 13:42:47,2,2,4,1.9219280948873625,5,0,399.25,50,22.523666087962965,649,7.5,6.299159222971675,4,0,0,0,0,0.0,0
fd68f60a4910675cf28462d8e0bd0d0e2dae9771,2018-02-02 14:17:18,2,2,2,0.9182958340544896,14,1,221.0,50,19.879513888888887,159,2202.5,1.0687858715364085,839,0,0,0,1,0.0,0
c5504e576a0a926475e495ac448a53b34537b3b3,2018-02-02 17:29:36,1,1,1,0.0,2,1,1262.0,50,2.947326388888889,514,3.0,1.3392905528786685,2,1,0,1,0,1.0,0
494541510d14938ed706ea4e391c406e5f6a5d1a,2018-02-02 17:31:00,1,1,1,0.0,2,0,65.0,49,48.479444444444454,59,4.0,1.0206272990843772,3,0,0,0,0,0.0,0
adaf9d977ce8bc16f6d248f3fe5c3f68ad4e1460,2018-02-03 09:22:00,2,4,5,1.7881108287640326,34,28,339.4,50,14.514375,259,2206.0,1.2705091845380452,843,0,1,0,1,0.0,1
b307e733e51f1519c779916f60617bca2cc8dab7,2018-02-03 09:27:15,1,1,1,0.0,3,1,1265.0,50,-0.14619212962962966,517,2209.0,-5.8403135143694085,1305,0,0,0,0,0.0,0
7a82fa9fa924f740cbab823d6a46d392c1029168,2018-02-03 11:57:46,1,1,1,0.0,3,3,1265.0,50,0.9270717592592592,516,3625.0,2.078665151874556,2846,0,0,0,0,0.0,0
75b69bc839de086a385ef306e88280b73011bc90,2018-02-04 20:39:43,1,1,1,0.0,1,1,380.0,50,1.5123032407407409,59,3626.0,1.6612430450854487,721,0,0,0,1,0.0,0
2c55dcd07a1c614ddeb8b7d77462e74ca69380e3,2018-02-05 14:55:08,2,3,3,1.5262349099495225,10,3,679.0,49,41.008240740740746,97,2211.0,1.1088047639172025,844,0,0,0,0,0.0,0
eae5845cf5488ae1db1cdcc2075f68406291721e,2018-02-06 17:52:44,1,1,1,0.0,26,20,2238.0,49,59.6934837962963,67,1272.0,1.0167522472538626,1091,0,0,0,0,0.0,0
1ae6ed5562aadf48d03777cc35a8362cce5a6405,2018-02-07 01:11:01,1,1,1,0.0,6,1,151.0,49,128.2103587962963,21,2213.0,1.0077996817838162,40,0,0,0,0,0.0,0
0a092978399c40f7fb8fc404c00f1e9b720cc351,2018-02-07 18:53:56,1,1,1,0.0,1,5,377.0,49,128.76099537037038,17,5.0,1.0077663270396722,4,0,0,0,0,0.0,0
9935167c055192a08d7035dac6d15e8d9d239674,2018-02-11 10:08:57,1,1,1,0.0,5,5,657.0,50,18.056064814814814,70,10417.0,1.0553830532984971,5796,1,0,0,0,1.0,0
daf6c1aae85dd1c9dfffc5cd2291606ff9ab1ab3,2018-02-11 10:14:54,1,1,1,0.0,1,1,60.0,50,54.319756944444435,48,10418.0,1.0184095079995066,5797,0,0,0,0,0.0,0
a5517b965be6ff66c30362e1ada91c82ba28fea6,2018-02-11 10:29:46,1,1,1,0.0,16,2,657.0,50,0.014456018518518519,71,10419.0,70.17534027221777,5798,0,0,0,0,0.0,0
83f8383f3c6be4caf116280bced39672c41535c3,2018-02-11 10:44:51,1,1,1,0.0,40,33,671.0,50,0.010474537037037036,72,10420.0,96.4696132596685,5799,0,0,0,0,0.0,0
a647b2ebd7ddc3c113748afd2a3b161ce4212fbe,2018-02-12 21:39:40,1,1,1,0.0,5,1,121.0,49,133.87608796296294,17,6.0,1.007469593825274,5,0,0,0,0,0.0,0
c85cc4e73a0d8a2ff30b25150736bf401db0c7c2,2018-02-12 21:40:45,1,1,1,0.0,20,1,373.0,49,5.115844907407407,18,7.0,1.195471132940732,6,0,1,0,1,0.0,1
10184af2786dca0660220f20ec4f9cef88e352c6,2018-02-12 22:10:49,1,1,1,0.0,1,1,392.0,49,0.02087962962962963,19,8.0,48.89356984478936,7,1,0,1,0,1.0,0
acfa56a02757f440861ec7ad50583fbf5af64291,2018-02-21 15:33:57,1,2,2,0.4553595475852389,60,34,982.0,50,83.23555555555555,125,10423.5,1.0244368478927826,5803,1,0,1,0,1.0,0
fc81ad0133a957d46e3bc91fb8755bd82c08c062,2018-02-21 15:54:31,1,1,2,0.9709505944546686,7,3,839.5,50,23.406684027777786,675,10421.5,1.0375591520671208,5801,0,0,0,0,0.0,0
97e6752659a0bd909f037d9130b896baa2448925,2018-02-22 15:29:45,1,1,1,0.0,10,1,190.0,49,143.84836805555554,49,0.0,0.0,0,0,0,0,0,0.0,0
1c5d2fc60fad2f87980f8191f0d4b60f888b827f,2018-02-22 16:07:58,2,2,2,0.6500224216483541,28,2,331.5,49,24.491626157407413,90,1.5,19.850155237285033,1,0,0,0,0,0.0,0
4b626048a7b04b501c0009e3271a1da7daf687d3,2018-02-22 16:40:19,1,1,1,0.0,401,398,401.0,10,2194.6536574074075,1,10425.0,1.0004556527617123,570,1,0,1,0,1.0,0
0bf809019f82b079c2f3440748d081af838137bb,2018-02-22 17:34:51,2,4,4,1.2156171139754228,72,27,523.25,50,4.791215277777779,668,4.5,0.5657094965543172,2,0,1,0,1,0.0,1
2322fa46c6b041d166339a3f4adf242d93634c6b,2018-02-22 17:36:37,1,1,1,0.0,1,1,214.0,50,0.0012268518518518518,52,34.0,816.0943396226414,18,1,0,0,1,0.0,1
323823b6783e9aebe56fa46febff873688ea4576,2018-02-22 17:40:58,2,3,3,1.1660870601063935,21,13,500.33333333333326,49,267.7845486111111,69,10427.0,1.0014327772190297,5805,0,0,1,0,0.0,0
ae62b93832ca131bf59e09df1ebbc78f640ac22e,2018-02-23 04:42:38,1,1,1,0.0,14,2,-55.0,49,144.16981481481483,36,0.0,0.0,0,0,0,0,0,0.0,0
69746d9a080a7d20ff13864449b5a1027b5b782d,2018-02-23 05:11:44,1,1,1,0.0,8,0,205.0,49,144.19002314814816,12,1.0,1.0069352925963022,0,0,0,0,0,0.0,0
34b327633bb2aa7ce07bbd507a336d1708871b6f,2018-02-23 08:12:41,2,6,8,1.8796631865990088,220,31,742.75,50,148.80820023148146,811,3639.5,1.0921009497701248,727,0,0,0,0,0.0,0
fc20c228662fe407aaf6c56e00565878a21b9efb,2018-02-23 11:46:07,1,1,1,0.0,21,0,214.0,50,0.7565972222222223,53,7.0,2.3217072051399725,4,0,0,0,0,1.0,0
b78f7cecd1bd2b6df7ecd2417d46b3331e8ba430,2018-02-23 11:49:56,1,1,1,0.0,10,9,235.0,50,0.002650462962962963,54,8.0,378.292576419214,5,0,0,0,0,0.0,0
2f55f5035a630483f460d42215cdcffadf2aeea0,2018-02-23 15:13:14,1,1,1,0.0,10,12,516.0,50,0.9016550925925926,42,9.0,2.1090715376814755,3,0,1,0,1,0.0,1
97561732e558ef124f95a597490644c69b545699,2018-02-23 15:30:29,1,1,1,0.0,1,1,514.0,50,0.011979166666666671,43,10.0,84.47826086956522,4,0,0,0,0,1.0,0
09680c0934bae463d1818b5ee1a16ad82f711cde,2018-02-23 19:12:20,2,2,2,0.8865408928220899,4,19,85.0,49,0.5938541666666667,50,2.5,2.248850455543012,1,0,0,0,0,0.0,0
7b6ad00370e50c2a5a6479383984cb7a0e9333f1,2018-02-23 20:23:17,2,3,3,0.8654038508961859,53,0,1028.6666666666667,50,7.171871141975307,649,3645.0,2.0009840020843312,728,1,0,1,0,1.0,0
3088f194555dc2f50185cdaa037d7cf746a3f7ca,2018-02-24 16:26:21,1,1,1,0.0,40,5,206.0,49,0.8847337962962963,14,4.0,2.1302834866105886,2,0,0,0,0,0.0,0
1b514a863bca94e668d51796c73218efd76b313d,2018-02-24 18:35:40,1,1,1,0.0,2,1,654.0,50,11.845625,35,10.0,1.0844193531367066,2,0,0,0,0,0.0,0
3b46b314e6ac66dbc47138207ec8e92667f6a755,2018-02-26 18:28:16,1,2,2,0.7219280948873623,10,5,634.0,49,48.41960069444447,88,5.5,1.0120579228782576,3,0,0,0,0,0.0,0
efa08424177148a39f3cea4bdb3a8da383b2a486,2018-02-26 21:42:31,1,1,1,0.0,2,1,372.0,49,65.88137731481481,27,7.0,1.0151787962055117,3,0,0,0,0,0.0,0
00c785b0213cc6ced3c31ccf99d7feff60b22981,2018-02-26 23:02:49,1,1,1,0.0,5,5,373.0,49,0.05576388888888889,28,8.0,18.93275217932752,4,0,0,0,0,0.0,0
38af730d51074b8983014f4e171d832d8122de75,2018-02-27 00:30:38,2,3,4,1.2304244196889744,15,11,417.5,49,74.64439525462961,127,10.5,1.996836453074926,5,0,1,0,0,0.0,1
b992af41eb6798158a8b4da8366bf4a048ea87d0,2018-02-27 01:39:34,1,1,1,0.0,1,1,474.0,49,0.04787037037037037,26,13.0,21.889748549323016,7,1,0,1,0,0.0,0
3366c8a51e3bb06d351592d924c118740d3343a9,2018-02-27 03:26:52,1,1,1,0.0,4,18,240.0,49,0.12238425925925925,16,14.0,9.170985435975034,6,0,0,0,0,0.0,0
5368a7ad876ce267749987f8238b3e841450c13f,2018-02-27 19:25:29,1,1,1,0.0,5,3,226.0,49,0.6657060185185185,17,15.0,2.5021645774292818,7,0,0,0,0,0.0,0
931c1700e65f8d38ec54a62fc2f17a3f7d6164fd,2018-02-28 01:36:34,1,1,1,0.0,73,0,0.0,1,0.0,0,0.0,0.0,0,0,1,0,1,0.0,1
bbe9fe540f8ca663bbb06e8122f6b6a5dc1d6d4c,2018-02-28 12:12:48,1,1,1,0.0,1,1,73.0,1,0.4418287037037037,1,1.0,3.263320584691152,1,1,0,1,0,0.0,0
941afa0a21ab4bf41bd3e402a48e030a89a34d4c,2018-02-28 20:36:23,1,2,2,0.21832103023746732,70,16,390.0,50,92.63071180555555,91,3648.5,1.0060308603939998,2861,0,0,0,0,0.0,0
3c6d6b1032af5a1113f15ad05efbbe834da84af0,2018-02-28 21:25:53,1,1,1,0.0,20,0,2965.0,50,29.111412037037038,146,14.0,1.0343507899488953,9,0,0,0,0,0.0,0
7e7a154a4d2bf4369655a3b2231329b6688bf224,2018-03-01 00:31:23,2,2,2,0.9852281360342516,8,6,324.5,49,1.6064756944444445,80,16.5,1.4055550699162604,8,0,0,0,0,0.0,0
e135861f14bfb43b01a13409006dfd054595b0ce,2018-03-01 14:48:58,2,3,3,1.1194435251110189,96,9,651.3333333333334,50,52.82119598765431,588,3651.0,1.0941291450913753,730,0,0,0,0,0.0,0
245762755bbe824e65ca9eadbe884fc80cf5d563,2018-03-01 18:31:51,1,1,1,0.0,17,1,1216.0,50,5.880949074074074,97,0.0,0.0,0,0,0,0,0,1.0,0
c4c7ad6e038ae7982d23a867fc274e857b8eff9f,2018-03-02 07:36:13,1,1,1,0.0,0,4,2985.0,50,1.4238425925925926,147,15.0,1.7023248252316696,10,0,0,0,0,0.0,0
3d86c454dcad58fbcb8cd9a52b8e07c79cfdae37,2018-03-02 07:44:45,1,1,1,0.0,2,0,2981.0,50,0.005925925925925926,148,16.0,169.75,11,0,0,0,0,0.0,0
895557007cafd8e8fc7b7f41954ee59840c972cf,2018-03-02 10:51:57,1,1,1,0.0,1,1,514.0,50,6.806574074074074,44,11.0,1.146916787963706,5,1,1,0,0,1.0,1
41787ac555418345ca3023610a9372ef83a9bdd1,2018-03-04 09:17:33,1,1,1,0.0,11,14,514.0,50,1.9344444444444444,45,3647.0,1.5169442848937391,729,1,0,1,0,0.0,0
6159650038b8ba505449cd380cee30194669ba69,2018-03-04 13:32:01,1,1,2,0.2498822928331855,8,16,88.0,49,147.9894212962963,7,1273.5,1.0040164435066117,20,0,0,0,0,0.0,0
e97fd8ec8b15590395bd0a94b5384f429f0e3f81,2018-03-05 09:37:09,1,1,1,0.0,2,2,115.0,49,10.143182870370367,2,12.0,1.0985883832303898,0,0,0,0,0,0.0,0
0308d68f34e1720bc38ae7ac782960fef75ef171,2018-03-05 10:12:02,1,1,1,0.0,10,10,1232.0,50,3.6529050925925928,98,1.0,1.2737547170409145,1,0,0,0,0,0.0,0
e47215bdeed605ac2491afaded2f5e101201ad03,2018-03-05 10:39:28,1,1,2,0.9182958340544896,5,1,676.0,50,-0.3136921296296296,586,0.5,-0.29695974615356235,1,0,0,0,0,0.0,0
7c6e9701e003a807dcdaf6916f0a74b54a7eb4f6,2018-03-05 11:18:48,1,2,2,0.584238811642856,42,8,427.5,50,4.233420138888889,94,3653.5,1.167448191403954,2865,0,0,0,1,0.0,1
3b40305990ae92b254af0c42b02d0e2353c8c43d,2018-03-05 11:37:28,1,2,3,0.9246329720391452,27,18,375.0,50,3.33908950617284,151,3656.0,1.0999570748554934,2868,0,0,1,0,1.0,0
eabf44f8486df61b07be20c13bd4063e1c3ad4d8,2018-03-05 11:38:46,1,1,1,0.0,4,1,547.0,50,0.0009027777777777775,52,3658.0,1108.6923076923078,2869,0,0,0,0,0.0,0
48f8dc431ad3ab728c667235a6c1c9dc234c49e5,2018-03-05 11:39:09,1,1,1,0.0,2,2,550.0,50,0.0002662037037037037,53,3659.0,3757.5217391304345,2870,0,0,0,0,0.0,0
a28e672f9eb4333477ea0e7fbd903cbec43cc491,2018-03-05 22:41:11,1,1,2,0.8112781244591328,3,1,675.0,50,17.621741898148148,584,18.5,1.0302411041574409,10,0,0,0,0,0.0,0
9761de7c1e4ff06da77c0a3659d9077f420c68c7,2018-03-06 05:22:52,1,1,1,0.0,2,2,115.0,49,0.8234143518518519,3,13.0,2.214455392659854,1,0,0,0,0,0.0,0
37f51d3288ffd27f2cca7042077a5c2c599e86f0,2018-03-06 08:52:46,1,2,3,1.3709505944546687,0,5,622.6666666666666,49,7.64579475308642,83,3661.0,1.080154696942759,2873,0,0,0,0,0.0,0
713dc36c43819cf7555ab89bc43cc73eaa9266a3,2018-03-06 23:13:00,1,1,1,0.0,0,2,2983.0,50,4.644618055555553,149,17.0,1.2153029566777558,12,0,0,0,0,0.0,0
1fa0f8102e2ce1a942f5f70e3e8ebc51a8831c02,2018-03-07 09:31:01,1,1,1,0.0,8,8,2981.0,50,0.4291782407407408,150,18.0,3.3300342493460264,13,0,0,0,0,0.0,0
a5f09a09585a55bd04109cdae5edd0997da876b5,2018-03-07 14:00:27,1,1,1,0.0,38,36,505.0,49,62.1598263888889,103,10433.0,1.0160875610196165,5809,1,0,1,0,1.0,0
50f0bcbaa8cbd3131e15479e28aaa08df11549dc,2018-03-07 15:03:05,2,3,3,1.0225265684903675,78,4,707.0,50,20.735389660493823,672,10435.0,109.87807367619041,572,0,0,0,0,0.0,0
139f4b9d25584ac7e934e87c421f84588cbc1547,2018-03-07 16:01:37,2,3,3,0.7962811593381773,45,2,802.6666666666665,50,61.31306327160494,631,10430.0,1.1446192976325964,571,1,0,0,0,0.0,0
dc324558797dfd17d114b6a7146d4c0a6a9491cf,2018-03-07 23:22:13,1,1,2,0.08079313589591118,100,0,0.0,1,0.0,0,2.5,0.0,1,1,1,0,0,0.0,0
44a1356ed7f4ef965d47464c94f137d6fb863a34,2018-03-07 23:22:13,1,1,1,0.0,0,1,52.0,1,-0.7286689814814815,7,19.0,-0.37236526518099655,17,1,0,0,0,0.0,0
dbafc04b497742bb344e95828fd53cf69eb00e97,2018-03-07 23:33:27,1,1,1,0.0,4,0,129.0,50,13.207361111111116,56,4.0,1.0757153523392888,2,0,0,0,0,0.0,0
dc706ed27e4fd7e444973a1d717d0b4a5035b143,2018-03-07 23:35:41,1,1,1,0.0,2,2,141.0,50,33.370069444444454,21,5.0,1.029966973897517,3,0,0,0,0,0.0,0
9b329683d9ffb4ccdcbc0dc6f84273b7325cf3f5,2018-03-08 10:29:06,1,1,1,0.0,14,12,678.0,50,0.7690856481481482,74,10432.0,2.300245300907463,5808,0,0,0,0,0.0,0
2f3419b326e64e569bdc803aa735e3d034e01160,2018-03-08 12:00:56,1,1,1,0.0,33,24,99.0,1,0.5268865740740739,1,6.0,2.8979416998001013,4,0,0,0,0,0.0,0
f8b583b02cc021e0ac321b049c84d7b20cfa3d3b,2018-03-08 12:00:56,1,1,1,0.0,6,0,51.0,1,0.5268865740740739,8,20.0,2.8979416998001013,18,0,0,0,0,0.0,0
a4a6d81201417e183303bf47c5ba1d64b3532589,2018-03-08 12:00:56,1,1,1,0.0,6,0,52.0,1,-0.2448726851851852,5,14.0,-3.0837547856501395,12,0,0,0,0,0.0,0
f0ee149d7767a7969567e03172eb437cedb81a59,2018-03-08 16:51:30,1,1,2,0.6098403047164004,34,6,46.0,1,0.1008912037037037,7,15.5,2.9779167144659864,14,0,0,0,0,0.0,0
da738bdb26870935f97d75840d194a8d9cbd418e,2018-03-08 16:51:30,1,1,2,0.8351164948421137,51,77,54.0,1,0.1008912037037037,2,7.5,2.9779167144659864,6,0,0,0,0,0.0,0
0f30ff5a988e5d73dcd4da8f2db4f844e28957d0,2018-03-08 16:51:30,1,1,2,0.6593758812786992,35,6,62.5,1,0.1008912037037037,11,21.5,2.9779167144659864,20,0,0,0,0,0.0,0
d87399684859ca850da34f7335e2c345482879ff,2018-03-08 17:26:59,1,1,1,0.0,2,7,-5.0,1,0.0,1,23.0,0.0,21,0,0,0,0,0.0,0
96ab1cc365dbafa7e06e86aca68c0ed1f68a13cb,2018-03-08 17:26:59,1,1,3,1.3262610770456724,53,8,16.0,1,0.008213734567901235,3,10.0,13.860811022389223,9,0,0,0,0,0.0,0
fdbd139b910939284c3eeea10b2c1262c70a6de2,2018-03-08 17:26:59,1,1,1,0.0,2,7,0.0,1,0.0,0,17.0,0.0,15,0,0,0,0,0.0,0
27d27270a435650aa0c5af08efff555e504b42bc,2018-03-08 17:53:33,1,1,2,0.9684610087601622,2,46,48.0,1,0.01844907407407408,5,12.5,41.652446675031364,11,0,0,0,0,0.0,0
5209585c9055725a735aaab693bf223a9f942082,2018-03-08 17:53:33,1,1,1,0.0,0,29,0.0,1,0.0,2,18.0,0.0,16,0,0,0,0,0.0,0
068e4ea6796ca9dde73772e6008be500c9265da8,2018-03-08 17:53:33,1,1,1,0.0,0,29,-29.0,1,0.0,3,24.0,0.0,22,0,0,0,0,0.0,0
b15e8ea4562db9260491646b5e41395188b8e9a6,2018-03-09 00:28:50,3,4,5,1.2349313337679246,51,8,66.8,51,10.977745370370373,293,5.0,1.064888646463504,1,0,1,0,1,0.0,1
5e3bd4956cd6a552d93a80bb35de9106148a42f1,2018-03-09 11:41:41,1,1,1,0.0,1,4,52.0,1,0.7848495370370371,10,25.0,2.2741295659996164,23,0,0,0,0,0.0,0
3f31d61d9455a28b290633d1a500e92b5e92554b,2018-03-09 16:16:33,1,1,1,0.0,4,0,49.0,1,0.1908796296296296,11,26.0,6.238903710890129,24,0,0,0,0,0.0,0
fe680455e59ad1d2d0ea50c620ed1ce572ed787a,2018-03-09 16:55:47,1,1,1,0.0,51,15,798.0,49,102.28773148148147,84,10455.0,1.0097763435117442,5822,0,0,0,0,0.0,0
b2fc3f905b5a3f254dae1a9ac13cab0a17d2e49d,2018-03-09 23:08:37,1,1,1,0.0,7,1,53.0,1,0.2861574074074074,12,27.0,4.494580165021841,25,0,0,0,0,0.0,0
46fe093fe85d41a35bc048360693747fe459bf75,2018-03-10 03:10:19,1,1,1,0.0,1,0,17.0,42,540.8378703703704,9,14.0,1.0018489829480972,1,0,0,0,0,0.0,0
dde9250569d848ed84fd887a6eb3e2a324250d0b,2018-03-10 16:27:59,2,5,6,1.1998618364304658,51,2,298.1666666666667,51,50.9787924382716,716,10.5,1.160348118346269,4,0,1,0,1,0.0,1
e3d5cace73f3e0cec1b14792291886673938cfab,2018-03-11 11:00:54,1,1,1,0.0,5,3,71.0,51,2.3972685185185183,3,10438.0,1.4171414225294994,5813,1,0,1,0,1.0,0
9383f089c2b66221da6a6caf1e5f77ad730c2b3f,2018-03-11 21:01:35,1,1,1,0.0,14,1,391.0,50,16.304791666666667,9,20.0,1.0613316637491534,11,0,0,0,0,0.0,0
149ac8b70d37c528d9b87fe514b488fdeba5c405,2018-03-12 08:51:40,1,3,3,0.8631205685666309,5,2,126.66666666666669,50,72.61983410493828,145,527.0,0.5562607569774835,175,0,0,0,0,0.0,0
f68f8842c3c231f6c1f1ea46fad4feb3f5db1ec5,2018-03-12 10:29:43,2,4,4,1.7691225218910631,24,17,371.0,51,2.1260561342592594,709,10440.5,1.2615917815009543,574,1,0,1,0,1.0,0
d97c75e8ce0f0601b70ebbb2f207569b07216f34,2018-03-13 20:55:35,1,1,1,0.0,1,1,17.0,51,1.4346296296296297,83,10443.0,1.697044017038854,5816,0,0,0,0,0.0,0
ffc7b7afa32332b9708b785e3bf14215d9af9816,2018-03-14 14:12:43,1,2,2,0.19590927087360493,30,3,236.0,51,0.14953125000000012,166,2.5,2.8314722793039686,3,1,0,0,0,0.0,0
1413eac4dbd8cbe42edfc9478f44b3cafdb98867,2018-03-14 22:40:41,1,1,1,0.0,10,10,412.0,50,-0.2906828703703704,159,10437.0,-2.440175194107108,5812,0,0,0,0,0.0,0
2ea22fd972450be4b65edbb3d05b196d97ca3518,2018-03-15 00:19:50,1,2,3,0.003448913672907457,11623,0,120.33333333333331,50,44.87165895061729,128,10445.0,0.3358095313101764,577,0,0,0,0,0.0,0
b23e6885504f50595623fab105f63df01bce1d8a,2018-03-15 01:04:13,1,1,1,0.0,17,1,380.0,50,38.475347222222226,60,10447.0,1.0259906686279996,578,0,0,0,1,0.0,0
81a44aac3ed149a83e468db7344011c5f086422b,2018-03-15 01:08:36,1,1,1,0.0,1,1,80.0,50,39.990694444444436,104,10448.0,1.0250058173255585,5817,0,0,0,0,0.0,0
d3f5163a7e5bd5f7c1087c8b685946c6a04128e5,2018-03-15 09:08:27,1,2,3,0.9430761671014694,7,46,437.0,50,112.1680709876543,536,2217.0,1.047850233768684,1311,1,0,1,0,1.0,0
6c788c6a6d2e4355c862400f0194c507bdf80e42,2018-03-15 10:49:35,1,1,2,0.5665095065529053,5,55,0.5,49,164.61214120370371,9,222.5,1.00455616453632,150,1,0,1,0,1.0,0
4e323f1b36537464dce4d59963e25234c5e2ebb9,2018-03-15 13:39:16,2,2,2,0.9182958340544896,3,3,265.5,50,37.03509259259259,273,2214.5,1.0162746279527892,1308,1,1,1,0,1.0,0
486b27bc52e82ccf9931d746457caa9c6d98b883,2018-03-16 18:34:21,2,3,3,0.8315435491770659,49,17,590.0,51,2.5973418209876544,696,10450.0,1.1746251847149194,579,0,0,0,0,1.0,0
340ffbfea8ea82d9e67a3b75bd396623bdabf1d3,2018-03-17 18:13:30,1,1,1,0.0,0,2,412.0,50,2.481122685185185,160,2219.0,1.403043350484445,1312,1,0,1,0,1.0,0
0658f75194774dc96422acf962dc19d50908d664,2018-03-17 18:13:53,1,1,1,0.0,8,19,410.0,50,0.0002662037037037037,161,2220.0,3757.5217391304345,1313,0,0,0,0,0.0,0
be3e4f784d35f98105eefe60a060546d950b4ce5,2018-03-17 19:33:50,2,2,3,1.1100338705798731,54,16,198.66666666666663,50,64.9905401234568,24,22.0,1.059765050561492,10,0,0,0,0,0.0,0
f79f88b72fcbdebd5dca63f42409245ec6dd5283,2018-03-18 09:16:10,1,1,1,0.0,1,1,120.0,51,8.991203703703702,117,2221.0,1.1112198136038312,42,0,0,0,0,0.0,0
83648d2dc487b3b53bef3d0182e8521dc1344aa6,2018-03-18 09:33:48,1,1,1,0.0,11,11,436.0,50,43.008194444444435,45,2222.0,1.023251382972883,845,1,0,1,0,1.0,0
4e7d4aa710b490e2cd58b8a80bdae41cc3959a38,2018-03-18 11:17:12,1,1,1,0.0,7,4,422.0,51,1.6964236111111108,62,10452.0,1.58947540782283,580,0,0,0,0,0.0,0
543853ecc2c2148d60861fadfe883966cbe5e27b,2018-03-19 04:37:46,1,2,3,1.3609640474436808,10,10,60.0,50,129.5389313271605,100,20.0,1.003830987921612,16,1,0,1,0,1.0,0
a11dce4a85ec81fa4e1db6c5fee3eb2ca63e11eb,2018-03-19 19:49:42,2,2,2,0.6500224216483541,6,0,299.5,50,2.0110185185185183,14,24.5,1.3729453473916848,11,0,0,0,0,0.0,0
63b70f068ce4eb4583ada2efbe4cb0ed1ee67ba1,2018-03-20 03:40:17,1,1,2,0.4288109647301171,1,56,120.0,50,1.3323032407407407,17,26.5,1.4015201191502402,13,0,0,0,0,0.0,0
c7c6f4006149bfc3c3e0caa788ebce7ae8a1dd94,2018-03-22 11:39:01,1,1,1,0.0,48,0,0.0,1,0.0,0,1275.0,0.0,21,0,0,0,0,0.0,0
6412516f211a4f360bebdc7fd38a4a7c04724390,2018-03-22 17:37:23,1,1,1,0.0,5,2,1295.0,51,5.9604398148148166,531,10453.0,1.1677728541968455,5820,0,0,0,0,0.0,0
de6a58542a4c6c7d7ec8182257c850c1c4001e0d,2018-03-23 21:11:18,1,5,7,1.8130809672412047,27,14,107.14285714285714,50,54.327369378306884,255,10459.0,1.004632745604633,5829,0,0,0,0,0.0,0
d404dd4f446416592105a65a24de913e0a8ae551,2018-03-24 12:57:33,1,1,1,0.0,10,3,367.0,49,174.03434027777774,30,10463.0,1.0057459924196792,5830,0,0,0,0,0.0,0
4ce5ae9d69b6886eb793fc157e78bcfc2fb499fe,2018-03-24 13:03:50,1,1,6,2.529505566323074,25,4,216.8333333333333,50,147.85178433641974,268,10466.5,1.0119121449213622,5836,0,0,0,0,0.0,0
d91dd3c1441dce5d36ba9f2f048a7a4578b0e059,2018-03-27 00:16:53,1,1,1,0.0,54,4,158.0,50,97.9044675925926,51,10470.0,1.0102140384865916,5837,0,0,0,0,0.0,0
8f950b6e52620e8eca5e90f8ef23484cba2c257d,2018-03-28 23:14:59,2,5,6,2.0607487133764897,154,21,1214.1666666666667,51,67.19414930555557,871,2.5,0.845713272026947,1,0,0,0,0,0.0,0
5be20e3f187eac73d8962d8acbf1d6efe1439044,2018-04-03 16:57:10,1,1,1,0.0,1,1,538.0,49,28.253055555555555,28,4.0,1.0353944017854508,4,1,0,1,0,1.0,0
0baba7c5e7537e7b06e72fadedf3fe7c3708c273,2018-04-04 19:14:35,1,1,1,0.0,23,0,142.0,50,69.28865740740741,21,3663.0,1.0144323766315768,731,0,0,0,0,0.0,0
224347ba10a0f8888298504aa530be1c9a5bec06,2018-04-04 19:58:07,1,2,2,0.8112781244591328,3,1,813.0,51,38.19525462962963,580,3664.5,1.0772504686707856,2875,1,0,1,0,1.0,0
160a9097ab7ed64ca29978c0e3f8b416e1833996,2018-04-06 12:04:59,2,3,3,1.0703863839707044,85,34,494.66666666666674,51,28.5209375,576,570.0,0.9461360548646466,10,0,1,1,1,1.0,1
ea124c1d4f12fa7d9227bcef234b7123e10cc5b0,2018-04-06 12:08:36,1,1,1,0.0,4,2,134.0,51,0.0025115740740740736,26,572.0,399.15668202764977,561,1,0,1,0,1.0,0
a67cce9aae39b155aec0edc0e15740fc222c18bb,2018-04-09 08:52:41,2,2,2,0.5032583347756457,6,3,114.0,51,2.8652025462962962,42,573.5,1.2618381173816506,11,0,1,0,1,0.0,1
2b57a15e2b97b4d8983deb00f53f6af15130678c,2018-04-09 13:04:06,1,2,3,1.3221793455166668,7,4,644.6666666666666,51,59.86796682098765,718,3667.0,1.0747576208514105,2878,1,0,1,0,1.0,0
b63d6854f8c7558f83af9abcd4f01b70d9e0bd8e,2018-04-09 14:21:55,2,3,3,1.1783043483886713,46,12,122.0,51,7.419587191358025,83,576.0,1.0453956438327614,12,1,0,1,0,1.0,0
b41fa2f4f0e6f3fdc1fb45973add4f747c40b54a,2018-04-09 15:08:01,1,1,1,0.0,1,1,-159.0,49,189.74994212962963,16,529.0,1.0052700938338988,339,0,0,0,0,0.0,0
a295b2c27399a7d2a825966fc9e63084719e9e82,2018-04-09 16:22:53,3,5,7,0.8375915683824068,120,8,282.57142857142856,51,45.10589616402116,643,1279.0,1.0096402179559176,122,1,0,1,0,1.0,0
e9fe6789119dc70600da1e1ebb6b147fc79584fa,2018-04-10 17:35:57,1,3,4,1.5394847569315018,8,3,95.75,50,14.66120949074074,147,531.5,0.5127888493864312,179,0,0,0,0,0.0,0
63a2b0e412a0b33a3240b24a8e2b08d535ae1f6e,2018-04-10 21:17:49,1,2,2,0.5916727785823275,5,2,777.5,51,38.50851851851852,587,534.5,1.5802277266652345,341,0,0,0,0,0.0,0
b205bad7e53fd769ab6a029c8597b927b6b3b53b,2018-04-13 10:52:41,1,1,1,0.0,12,4,3018.0,51,15.692847222222225,152,578.0,1.06372329927382,565,0,0,0,0,0.0,0
2f0ea82e62f5095c849972786d377964f55cfd6e,2018-04-13 10:53:26,1,1,1,0.0,3,0,3026.0,51,0.0005208333333333333,153,579.0,1921.0,566,0,0,0,0,1.0,0
e56073fe3f24d8aaaa80491193e1e3665ea3a4ef,2018-04-13 11:45:44,2,5,5,1.8160513741344648,121,14,1097.4,51,10.649159722222224,823,582.0,1.046805678187281,14,1,0,0,0,0.0,0
8ed25716afd37b54e8acf1baf9d6681959fb8eea,2018-04-13 13:05:34,1,1,1,0.0,0,46,1279.0,49,111.9182175925926,43,585.0,1.0089350958361418,15,0,0,0,0,0.0,0
